CustomerID,Frequency,Monetary,Recency
u12346,1,77183.6,325
u12747,11,3763.0099999999998,1
u12748,202,28308.44,0
u12749,5,2720.63,3
u1282,4,942.34,2
u12821,1,75.72,213
u12822,2,886.08,70
u12824,1,316.42,59
u12826,7,1452.22,2
u12827,3,403.15000000000003,5
u12828,6,944.5600000000001,2
u12829,2,100.5,336
u1283,6,6037.04,37
u12831,1,189.55,261
u12832,2,353.43,31
u12833,1,292.03000000000003,144
u12834,1,201.08,282
u12836,4,1717.21,58
u12837,1,58.75,172
u12838,2,586.48,33
u12839,14,5418.97,2
u1284,4,2726.77,143
u12841,25,3733.2,4
u12842,2,962.79,69
u12843,7,1489.41,159
u12844,2,325.96000000000004,28
u12845,4,337.09,266
u12847,1,839.14,21
u12849,2,932.5,30
u12851,1,108.28,96
u12852,1,264.15000000000003,294
u12853,5,1440.4,134
u12854,3,1191.6,78
u12855,1,38.1,372
u12856,6,2009.98,7
u12857,2,831.15,210
u12863,1,181.2,51
u12864,1,147.12,137
u12867,7,3976.13,25
u12868,6,1534.71,185
u12871,2,365.34,83
u12872,2,544.62,326
u12873,1,306.0,281
u12875,2,343.2300000000001,142
u12877,12,1436.47,3
u12878,2,839.09,235
u12879,3,573.22,44
u12881,1,69.0,275
u12882,2,1463.04,8
u12883,4,512.87,24
u12884,1,107.25,87
u12885,3,977.22,62
u12886,2,1117.8,67
u12888,2,187.92000000000002,213
u1289,1,372.21999999999997,23
u12891,3,331.0,185
u12893,1,188.14,30
u12895,2,335.05,41
u12897,2,216.5,204
u12901,28,17501.54,8
u12902,1,87.78,264
u12904,2,382.48,17
u12906,5,2837.66,11
u12908,2,750.0,175
u12909,5,1398.47,39
u1291,8,3075.04,22
u12912,5,1563.3,2
u12913,5,2453.63,4
u12915,2,201.05,148
u12916,4,2351.9,138
u12917,1,594.0,127
u12919,6,1266.49,7
u1292,1,122.38,16
u12921,37,15783.890000000001,8
u12922,1,405.38,160
u12923,1,155.82,63
u12924,4,913.0,87
u12925,2,650.05,4
u12928,5,2062.7000000000003,34
u12929,1,70.95,311
u1293,2,403.05,77
u12931,15,38705.26,21
u12933,3,557.86,23
u12935,7,2006.35,1
u12936,4,1063.9,16
u12937,4,1442.52,14
u12938,1,114.14,25
u12939,8,11581.8,63
u1294,2,538.59,54
u12942,3,505.0,130
u12944,2,519.81,35
u12945,1,322.25,287
u12947,6,1333.55,143
u12948,7,1919.96,15
u12949,8,3692.32,30
u1295,3,1843.0,1
u12951,6,976.22,8
u12952,4,1118.74,5
u12953,1,192.45000000000002,9
u12955,11,4566.36,0
u12956,1,74.67,305
u12957,8,3580.2400000000002,9
u12962,2,240.89000000000001,6
u12963,8,1622.78,7
u12965,1,582.71,88
u12966,1,147.68,9
u12967,2,1146.4,357
u12968,1,91.19999999999999,111
u1297,4,371.94,6
u12971,86,10652.56,3
u12974,1,77.15,197
u12976,1,738.6,211
u12977,1,10.74,155
u1298,7,2412.0,176
u12981,2,372.21999999999997,29
u12982,1,390.54,242
u12984,1,97.5,18
u12985,2,1209.08,0
u12987,2,392.45,73
u12988,1,315.67,291
u12989,15,6176.110000000001,2
u1299,3,409.5,30
u12991,2,503.76,22
u12993,4,414.76,22
u12994,3,767.02,3
u12995,1,211.32,84
u12997,4,1041.49,21
u12999,2,328.38,204
u13,3,477.20000000000005,106
u13001,13,9736.02,3
u13002,1,110.99999999999999,317
u13003,3,149.05,105
u13004,17,5301.76,11
u13005,2,323.3,173
u13006,1,11.52,55
u13008,1,229.46999999999997,322
u13011,1,50.550000000000004,371
u13012,7,1435.1100000000001,8
u13013,13,4303.24,0
u13014,10,1578.23,10
u13015,5,2663.33,52
u13016,3,709.34,72
u13017,1,204.0,6
u13018,28,6825.5,15
u13021,9,2114.08,3
u13023,2,453.90000000000003,63
u13026,5,975.36,0
u13027,6,6912.0,113
u13028,2,661.3199999999999,22
u13029,2,116.5,30
u1303,2,561.88,10
u13032,2,735.93,51
u13033,1,190.55,356
u13034,2,627.82,54
u13035,2,921.88,73
u13037,3,693.37,137
u13038,3,891.46,79
u1304,2,676.99,8
u13043,1,328.82,272
u13044,1,391.72,290
u13045,1,305.28000000000003,98
u13046,2,419.11,30
u13047,9,2650.39,56
u13048,4,1810.41,13
u13049,2,611.28,63
u1305,17,5006.26,14
u13052,1,250.75,211
u13055,3,1144.86,77
u13058,3,261.45000000000005,24
u13059,1,85.65,249
u1306,1,243.93,253
u13061,1,200.31,71
u13062,1,126.17999999999999,190
u13064,4,928.04,12
u13065,1,138.41,372
u13066,2,357.75,23
u13067,1,91.61,81
u13068,2,344.0,9
u13069,24,4283.06,0
u1307,1,228.8,191
u13072,1,177.15,266
u13075,1,919.61,129
u13077,4,712.41,0
u13078,26,11412.49,2
u13079,5,220.10000000000002,3
u1308,1,58.08,178
u13081,11,25755.33,11
u13082,8,3459.2799999999997,125
u13083,2,235.8,3
u13085,2,318.48,157
u13089,89,49697.93,2
u1309,13,4979.51,8
u13091,1,345.82,27
u13092,5,274.93,70
u13093,8,6667.67,275
u13094,12,1927.3200000000002,20
u13095,1,74.39999999999999,70
u13097,10,4322.400000000001,32
u13098,28,25060.54,0
u13099,1,207.35999999999999,98
u13101,1,91.24000000000001,233
u13102,24,5724.69,0
u13103,1,141.94,39
u13104,6,1098.48,2
u13106,1,76.5,132
u13107,4,1482.1200000000001,43
u13108,1,248.06,372
u13109,2,770.04,59
u1311,7,956.22,30
u13113,24,6950.56,0
u13115,4,2214.88,11
u13116,1,291.29,137
u13117,8,888.9399999999999,21
u13118,5,1125.96,19
u1312,1,30.599999999999998,238
u13121,1,275.48,268
u13122,2,858.54,93
u13124,3,3305.58,89
u13126,8,1874.13,4
u13127,1,259.17,77
u1313,1,64.0,93
u13131,3,680.8,22
u13132,1,60.3,261
u13133,2,79.95,273
u13134,4,1465.58,85
u13135,1,3096.0,196
u13136,5,2393.51,55
u13137,8,3566.16,10
u13138,6,946.49,21
u13139,7,4055.34,15
u1314,3,349.92,107
u13141,5,2300.85,84
u13142,1,277.24,18
u13144,1,47.2,332
u13145,3,323.52000000000004,39
u13146,1,228.91,25
u13147,4,712.8000000000001,9
u13148,11,2788.9700000000003,28
u13149,4,1408.56,13
u13151,1,793.72,295
u13153,1,486.22,5
u13155,4,831.46,32
u13157,4,1673.22,48
u13158,4,1190.98,94
u13159,4,1241.35,8
u1316,1,75.89999999999999,21
u13161,1,95.75,312
u13162,4,1648.49,121
u13165,2,1021.48,45
u13166,1,349.6,282
u13167,4,635.88,18
u13168,4,1108.39,35
u13169,2,406.88,63
u1317,1,116.00999999999999,26
u13171,3,261.51,21
u13173,2,353.65,3
u13174,3,2112.33,15
u13176,1,442.74,45
u13177,1,282.45,64
u13178,11,5534.67,25
u13182,1,121.18,44
u13183,9,3805.63,7
u13184,10,1645.19,14
u13185,1,71.4,267
u13186,3,1375.14,39
u13187,1,154.02,336
u13188,1,99.60000000000001,10
u13189,2,260.68,18
u13192,2,859.14,94
u13193,1,83.03,60
u13194,1,60.7,135
u13196,4,1704.03,10
u13198,6,3239.9900000000002,9
u13199,37,8503.52,3
u132,4,750.79,18
u13203,4,819.56,9
u13207,2,250.26000000000002,14
u13208,5,1096.32,58
u13209,8,5420.76,29
u1321,1,353.48,93
u13211,3,1197.42,9
u13212,3,504.73,19
u13213,5,1379.28,56
u13216,1,333.74,267
u13217,3,533.98,121
u13218,1,62.63999999999999,126
u1322,4,506.04,77
u13221,2,568.16,239
u13223,2,163.20000000000002,199
u13224,2,2067.95,59
u13225,7,6463.84,2
u13226,1,85.51,272
u13227,1,257.7,201
u13228,1,358.0,80
u13229,1,123.15,225
u1323,14,2116.47,3
u13232,7,1047.8,12
u13233,2,605.12,73
u13235,1,946.1700000000001,211
u13236,2,626.65,23
u13238,4,597.6800000000001,16
u13239,1,329.56,261
u1324,4,616.7,95
u13242,3,270.40000000000003,111
u13243,1,480.02000000000004,202
u13244,1,94.79,92
u13245,1,259.85,50
u13246,6,1903.85,17
u13247,4,501.12,17
u13248,2,452.93,124
u13249,3,665.91,91
u13253,2,990.6,156
u13255,2,288.46000000000004,8
u13256,1,0.0,13
u13258,3,646.56,11
u13259,1,258.32,61
u1326,1,259.02,60
u13261,2,842.1,268
u13262,1,132.29,262
u13263,34,6965.4,0
u13265,5,1857.56,52
u13266,12,3667.81,10
u13267,18,3808.69,2
u13268,10,3117.27,17
u13269,15,4909.79,0
u1327,1,590.0,365
u13271,1,217.38,36
u13272,2,205.66000000000003,30
u13273,1,138.98,112
u13276,2,462.98,63
u13277,4,258.4,15
u13278,1,527.78,40
u13279,1,137.75,77
u1328,3,747.41,121
u13282,3,726.94,17
u13283,2,93.66,59
u13284,1,148.74,330
u13285,4,2550.78,22
u13291,1,338.41,155
u13292,2,448.69,38
u13294,2,726.39,189
u13295,1,168.3,359
u13296,1,53.4,136
u13297,4,2073.35,7
u13298,1,360.0,0
u13299,1,82.80000000000001,267
u133,1,371.89,168
u13301,4,538.34,103
u13304,1,269.57,350
u13305,10,1408.21,3
u13307,1,15.0,119
u13308,3,1302.31,22
u13309,5,1436.76,6
u1331,3,1015.73,27
u13311,2,518.82,3
u13313,5,1555.32,21
u13314,3,666.69,1
u13316,4,5872.7300000000005,36
u13317,6,1810.23,65
u13318,3,488.86,0
u13319,26,9881.15,4
u1332,4,1548.7,77
u13321,2,567.36,71
u13322,1,199.48000000000002,16
u13323,5,787.85,2
u13324,10,5524.75,35
u13325,1,675.3,81
u13327,8,3554.57,38
u13328,1,1308.48,315
u13329,2,657.6,31
u1333,3,1096.98,92
u13332,1,338.4,13
u13334,3,3247.2200000000003,81
u13336,1,766.72,76
u13338,1,356.07000000000005,157
u13339,1,664.42,200
u1334,7,10457.08,44
u13341,1,603.55,260
u13343,1,275.93,177
u13344,3,1684.52,67
u13345,1,299.70000000000005,287
u13347,1,291.36,69
u13348,1,233.76,63
u13349,1,197.32,10
u1335,2,646.97,15
u13351,1,323.94,65
u13352,1,316.17999999999995,59
u13354,1,727.03,70
u13355,1,556.8,121
u13356,1,542.79,79
u13357,1,532.95,256
u13358,1,323.43,268
u13359,1,307.06,63
u13362,4,2748.2400000000002,8
u13363,2,867.65,17
u13364,1,115.86,70
u13365,2,1703.8700000000001,33
u13366,1,56.160000000000004,49
u13368,2,444.1,256
u13369,1,238.38000000000002,365
u1337,1,618.6700000000001,371
u13372,1,290.04,89
u13373,3,2872.75,60
u13375,1,712.9,88
u13376,3,828.51,98
u13379,3,521.36,25
u13381,6,3105.51,31
u13382,1,197.14000000000001,280
u13384,7,3878.68,30
u13385,1,403.07,329
u13388,2,505.45,130
u13389,3,680.62,10
u1339,1,424.68,74
u13394,8,2488.57,1
u13395,1,259.92,184
u13396,2,1119.5900000000001,28
u13397,5,1281.53,72
u13398,1,397.49,191
u13402,2,587.23,126
u13403,1,75.0,17
u13404,2,252.49,0
u13405,2,363.35,203
u13408,61,26121.14,1
u1341,5,982.9,23
u13411,1,203.60000000000002,106
u13414,3,1390.5,133
u13416,2,576.5,43
u13417,2,290.48,4
u13418,18,5296.53,11
u13419,1,221.06,63
u1342,2,87.6,149
u13421,2,1827.83,39
u13422,1,2344.2,63
u13425,3,1524.01,107
u13426,10,3550.2200000000003,0
u13427,3,562.7,18
u13428,1,176.57,9
u13429,4,994.05,10
u1343,2,611.45,18
u13431,2,1080.0,66
u13434,2,534.24,73
u13435,7,3571.09,4
u13436,1,113.53999999999999,1
u13437,7,2550.86,13
u13439,1,283.71,254
u13441,1,296.64,91
u13447,3,1026.69,22
u13448,6,3182.02,16
u13449,1,291.88,23
u1345,6,1607.3999999999999,26
u13451,5,2678.49,25
u13453,2,245.57999999999998,165
u13455,2,660.19,24
u13456,6,1595.1200000000001,17
u13458,14,8988.97,6
u1346,2,183.44,28
u13461,3,1445.0,38
u13462,1,135.0,252
u13464,1,606.73,57
u13466,1,262.5,183
u13467,2,849.1600000000001,10
u13468,37,4402.17,1
u1347,2,165.0,98
u13471,4,2250.33,0
u13473,2,292.03999999999996,60
u13474,1,187.99,235
u13475,4,1191.98,190
u13476,2,738.47,178
u13477,6,1292.1299999999999,37
u13479,2,238.64999999999998,200
u13481,5,1721.06,45
u13482,1,184.64,231
u13483,1,140.34,65
u13484,1,202.5,240
u13485,1,417.84000000000003,232
u13486,3,1007.11,77
u13487,3,361.1,57
u13488,13,7321.51,16
u13489,4,449.52,104
u13491,10,969.62,51
u13494,1,316.26000000000005,311
u13495,5,2044.8700000000001,7
u13496,2,563.63,10
u13497,2,348.05,282
u13499,5,1105.21,17
u135,3,1045.1200000000001,22
u13502,3,272.1,16
u13503,1,192.95,70
u13504,1,260.48,63
u13506,2,416.77,315
u13507,4,2034.81,2
u13508,1,66.42,243
u13509,6,964.72,8
u1351,4,1633.66,0
u13512,1,228.51000000000002,260
u13513,1,192.6,126
u13514,1,152.20000000000002,73
u13515,4,833.82,72
u13516,3,1361.91,20
u13517,3,1851.3700000000001,59
u13518,1,581.64,85
u13519,1,78.95,77
u13521,3,997.28,0
u13522,1,125.80000000000001,29
u13523,5,2573.38,32
u13524,5,650.1800000000001,40
u13525,2,604.88,14
u13527,7,1956.06,33
u13529,2,206.06,78
u13531,2,357.7,204
u13532,1,210.31,33
u13533,3,242.79999999999998,182
u13534,24,5186.38,1
u13536,7,3125.94,0
u13538,5,699.45,42
u13539,3,460.44,85
u13544,2,221.26,39
u13546,3,553.29,11
u13548,2,566.36,95
u13549,7,814.65,25
u13551,1,53.550000000000004,318
u13552,12,2918.9700000000003,65
u13555,4,3756.68,73
u13557,2,584.06,27
u13558,4,561.11,5
u1356,1,174.37,6
u13561,1,120.60999999999999,215
u13562,3,1478.33,81
u13563,2,453.43,83
u13564,2,933.98,353
u13565,2,240.22,18
u13566,2,846.4,40
u13568,1,175.0,172
u13569,2,284.6,16
u1357,1,211.64,242
u13571,12,2031.77,12
u13572,1,1154.05,205
u13573,2,261.15,49
u13575,5,674.5699999999999,22
u13576,18,6474.09,9
u13577,4,1338.5,24
u13579,2,362.09,14
u13581,1,56.95,308
u13583,1,761.13,155
u13584,1,75.75,306
u13587,1,347.0,63
u13588,9,2407.89,15
u13589,2,253.15,14
u1359,6,1951.38,10
u13591,3,809.58,64
u13592,3,159.51,35
u13593,5,1497.13,107
u13594,1,396.97,52
u13596,2,619.84,5
u13598,1,134.07,46
u13599,21,4742.22,0
u136,1,119.02,311
u13601,2,693.32,44
u13602,1,428.89,64
u13603,1,129.44,25
u13606,3,252.83999999999997,28
u13607,1,565.5600000000001,39
u1361,7,884.28,11
u13611,3,1140.0,88
u13614,4,1061.8600000000001,23
u13615,1,385.89,318
u13617,3,473.68,39
u13618,1,177.34,173
u13621,1,208.81,116
u13623,5,446.13,30
u13626,1,241.32999999999998,252
u13627,5,1426.67,58
u13629,11,7737.01,22
u1363,7,1948.98,4
u13631,8,2007.92,142
u13632,5,1854.07,24
u13634,5,1142.21,32
u13635,1,981.39,67
u13636,5,707.63,36
u13637,3,725.0,51
u13638,1,97.14,15
u13639,1,1033.34,73
u13642,1,268.55,215
u13643,3,468.44,30
u13644,4,2237.81,15
u13645,1,232.2,119
u13647,4,1429.6200000000001,9
u13649,2,333.85,256
u1365,6,1567.29,16
u13651,1,63.3,39
u13652,3,1031.48,45
u13654,6,2415.19,42
u13655,2,785.62,113
u13656,2,358.5,164
u13657,2,367.14,10
u13658,5,1749.77,9
u13659,2,1347.15,205
u13662,3,686.96,85
u13663,1,91.07,178
u13666,3,67.65,59
u13667,1,258.17,148
u13668,21,5845.6900000000005,2
u13669,2,205.8,50
u1367,1,333.2,74
u13672,2,186.39000000000001,300
u13673,2,302.27,18
u13675,2,486.82000000000005,150
u13678,1,232.6,151
u1368,4,3638.32,0
u13681,4,796.0300000000001,17
u13682,1,34.0,186
u13684,1,67.23,285
u13685,7,3119.44,2
u13686,1,72.0,182
u13689,1,910.0,62
u1369,1,81.60000000000001,58
u13692,2,1394.52,24
u13694,50,63472.61,3
u13695,15,2411.13,30
u13697,1,151.29999999999998,38
u13699,1,70.08000000000001,154
u137,10,2256.62,25
u13704,9,1851.76,4
u13705,3,546.86,7
u13706,1,290.89,302
u13707,2,641.36,266
u13708,1,283.93,270
u13709,13,5215.650000000001,3
u1371,1,180.48,31
u13711,2,232.16000000000003,218
u13712,1,228.84,246
u13715,5,1031.64,280
u13716,1,138.28,268
u13717,6,1313.36,31
u13718,2,252.4,245
u13719,5,871.53,14
u1372,4,765.0,116
u13721,1,470.94,35
u13722,3,2065.16,131
u13723,1,150.10000000000002,216
u13725,7,1240.96,49
u13726,2,1079.6599999999999,38
u13727,2,285.78000000000003,28
u13728,6,437.44,36
u1373,2,545.95,135
u13731,2,511.59000000000003,218
u13732,1,486.82,27
u13735,4,2038.19,24
u13736,2,566.05,4
u13737,1,259.59999999999997,199
u13739,1,216.9,17
u1374,1,318.95,240
u13741,3,405.63,71
u13742,11,1913.1200000000001,16
u13743,7,1341.6,2
u13744,2,1071.86,94
u13745,1,300.04,161
u13748,5,838.7,95
u1375,5,1502.96,53
u13751,1,240.6,287
u13752,6,1042.58,123
u13753,1,741.26,287
u13754,2,238.8,151
u13755,9,1733.49,3
u13756,14,5060.52,1
u13758,7,2944.35,11
u13759,2,597.51,32
u1376,2,280.89,53
u13761,2,959.65,49
u13762,1,306.72,218
u13763,1,1714.96,62
u13764,3,1347.8600000000001,70
u13767,36,14870.560000000001,1
u13769,10,2569.75,1
u13771,4,2472.4,63
u13772,3,1027.43,33
u13774,1,314.15000000000003,81
u13777,33,25964.41,0
u13778,1,178.7,102
u1378,2,333.11,6
u13781,1,68.54,250
u13782,6,765.0,12
u13784,11,2198.34,9
u13786,1,213.0,366
u13787,2,270.79,75
u1379,1,348.8,3
u13791,2,1516.0,127
u13792,2,183.05,65
u13798,57,35862.85,0
u13799,2,649.06,116
u138,1,486.62,309
u13801,1,247.1,66
u13802,3,4126.92,138
u13803,1,277.07,254
u13804,7,2383.99,30
u13805,2,924.6,51
u13806,1,218.13000000000002,63
u13807,1,80.8,366
u13808,5,1316.26,5
u13819,3,1114.85,301
u13821,2,321.89,144
u13822,2,582.7,5
u13823,2,775.16,18
u13824,5,1569.74,32
u13826,1,102.30000000000001,175
u13827,3,239.9,57
u13828,1,209.49,21
u13831,6,1693.6899999999998,15
u13832,1,52.199999999999996,18
u13833,1,226.4,158
u13835,4,686.5699999999999,24
u13837,2,271.24,211
u13838,4,527.58,5
u13841,1,85.0,252
u13842,9,2610.82,58
u13844,1,345.12,10
u13845,1,312.98,64
u13846,3,733.16,24
u13848,3,1255.0,91
u13849,2,1319.75,51
u1385,1,1478.98,128
u13851,3,2570.36,95
u13853,1,665.74,56
u13854,25,4325.92,8
u13856,3,388.5,168
u13858,1,182.67,56
u13859,1,172.76000000000002,325
u1386,5,1116.05,0
u13862,8,2158.36,17
u13863,1,264.88,247
u13865,4,437.81,57
u13866,1,145.67000000000002,73
u13867,3,704.74,30
u13868,2,3127.64,6
u13869,4,2498.85,122
u1387,8,2475.54,1
u13871,13,5245.95,22
u13873,3,279.05,119
u13874,1,329.05,357
u13875,5,1695.74,53
u13876,1,83.80000000000001,63
u13877,1,117.24,85
u13878,1,999.78,54
u1388,13,2947.34,20
u13881,20,16352.8,2
u13882,5,866.78,2
u13883,5,2167.93,10
u13884,4,724.75,6
u13885,2,390.2,188
u13886,1,218.56,70
u13887,1,293.95,203
u13888,2,505.98,119
u13889,1,416.90000000000003,92
u1389,10,1784.06,0
u13892,4,632.97,26
u13893,1,338.5,297
u13894,3,551.87,23
u13895,4,2469.07,27
u13897,1,311.16,49
u13898,1,138.93,325
u13899,2,337.52,15
u139,2,655.95,192
u13901,5,2553.51,71
u13904,2,332.64,36
u13908,4,2221.1,79
u13911,9,2378.63,56
u13914,2,613.95,11
u13917,2,252.14000000000001,49
u13918,2,1192.94,49
u13922,1,94.2,351
u13923,1,317.63,53
u13924,6,1684.15,1
u13925,4,444.3,92
u13926,1,147.0,22
u13927,1,333.99,74
u13928,4,306.47,10
u13929,2,285.45,168
u1393,2,337.34,57
u13931,2,982.53,95
u13932,1,195.8,294
u13933,2,576.99,108
u13934,1,798.35,263
u13936,1,376.58,179
u13937,1,158.85,168
u13938,1,71.66,34
u13939,3,543.05,22
u1394,4,709.04,16
u13941,5,4945.96,21
u13946,3,561.5699999999999,78
u13947,1,90.6,64
u13948,1,70.19999999999999,360
u13949,6,2427.32,2
u1395,4,519.26,10
u13951,3,560.01,175
u13952,2,2354.571,217
u13953,7,3515.68,6
u13954,2,307.82,0
u13955,2,239.31,153
u13956,5,742.6700000000001,4
u13959,3,512.75,78
u1396,2,230.22,20
u13962,2,82.1,21
u13963,4,544.14,307
u13967,1,80.7,145
u13969,18,8135.99,6
u13971,8,2664.56,18
u13972,2,174.35,70
u13973,1,186.75,286
u13974,1,413.59000000000003,48
u13975,6,2344.11,30
u13976,1,246.68,206
u13978,2,196.79000000000002,14
u13979,1,869.87,72
u1398,1,135.34,59
u13982,4,1816.1599999999999,38
u13983,10,1488.28,29
u13984,5,920.51,26
u13985,15,7028.2300000000005,3
u13986,1,320.46,16
u13988,6,3425.91,19
u13989,2,1203.73,65
u1399,1,311.3,212
u13991,6,854.97,11
u13992,1,76.8,29
u13993,9,2331.26,42
u13994,6,2044.04,3
u13995,5,1308.99,14
u13999,12,3600.76,9
u14,1,635.66,210
u14001,3,1878.68,45
u14002,2,436.28,133
u14004,7,3847.54,42
u14005,5,2403.72,9
u14006,3,946.24,115
u14009,2,646.8100000000001,197
u14012,1,328.8,277
u14013,3,473.02,109
u14014,1,505.18,76
u14015,1,917.34,52
u14019,3,1372.21,46
u1402,2,587.9,16
u14021,3,480.7,154
u14022,1,434.96000000000004,224
u14023,2,553.97,6
u14024,2,298.45,121
u14027,1,104.82,60
u14029,2,365.66,62
u1403,8,1606.39,17
u14031,18,13770.210000000001,6
u14032,11,2702.09,1
u14034,3,518.0699999999999,21
u14035,5,1268.37,28
u14036,1,451.25,284
u14037,2,139.25,175
u14038,3,1560.38,77
u14039,1,152.2,32
u1404,12,2406.7200000000003,40
u14041,1,141.41,265
u14044,4,523.52,26
u14045,3,945.75,337
u14046,1,151.59,283
u14047,5,873.36,8
u14048,1,403.33,304
u14049,4,5028.8,16
u1405,2,746.36,31
u14051,23,14025.890000000001,0
u14052,1,158.66,19
u14053,2,260.25,123
u14054,1,92.46,64
u14055,1,633.74,105
u14056,23,5958.43,0
u14057,16,5831.8099999999995,23
u14059,1,183.6,266
u1406,19,6012.22,4
u14062,12,10413.85,9
u14064,5,1345.79,28
u14066,1,114.3,266
u14067,2,320.7,63
u14068,1,248.85000000000002,319
u14071,8,995.75,3
u14073,1,151.04,31
u14075,3,878.66,4
u14076,1,105.52,128
u14077,5,439.97,40
u14078,6,936.7199999999999,101
u14079,1,333.25,124
u1408,1,45.599999999999994,32
u14081,2,710.17,301
u14082,1,150.45000000000002,364
u14083,9,847.08,3
u14085,17,4089.19,1
u14087,1,194.42,2
u14088,13,35732.3,9
u14089,1,144.5,56
u1409,1,76.32000000000001,324
u14092,14,3893.71,7
u14093,1,442.85,11
u14096,17,39787.14,3
u14098,1,147.35,36
u14099,11,2921.12,15
u141,1,147.2,137
u14101,6,5976.79,73
u14102,5,1327.8799999999999,4
u14104,1,69.71,165
u14105,1,1102.58,238
u14107,7,2546.78,51
u14108,2,544.36,30
u14109,1,144.2,72
u1411,12,5632.65,3
u14111,4,677.85,13
u14112,6,2719.0,22
u14113,4,1815.42,3
u14114,1,195.13,330
u14116,5,1163.84,19
u14117,1,90.0,143
u14121,4,2466.92,3
u14124,1,419.58000000000004,83
u14125,3,2391.49,10
u14126,3,676.1800000000001,7
u14127,3,500.11,122
u14128,2,625.0,60
u14129,5,1123.8600000000001,1
u1413,1,404.21,318
u14132,11,3471.15,1
u14133,3,529.89,129
u14135,15,4588.81,1
u14138,2,982.3800000000001,1
u14139,1,381.71999999999997,45
u1414,2,902.26,3
u14141,4,902.38,2
u14142,1,294.81,372
u14143,1,64.8,133
u14145,4,3742.2,46
u14146,5,3568.75,8
u14147,2,143.39999999999998,77
u14148,1,29.700000000000003,233
u14149,1,421.12,220
u1415,2,658.64,35
u14152,2,616.97,74
u14154,2,682.92,238
u14155,1,118.75,265
u14157,2,397.48,19
u14158,1,433.86,39
u14159,11,4524.49,19
u14161,3,890.92,215
u14162,2,238.91,173
u14163,4,1994.6100000000001,86
u14164,2,1631.77,70
u14165,1,80.51,275
u14167,4,525.09,38
u14171,1,308.44,97
u14173,4,357.34000000000003,10
u14174,1,124.51,32
u14175,3,2200.9,59
u14176,4,517.2,296
u14177,4,457.61,85
u14178,7,1512.23,8
u14179,2,566.88,40
u1418,25,1779.8200000000002,10
u14184,1,245.59,66
u14185,1,12.75,330
u14188,6,1988.56,30
u14189,15,4200.52,1
u14191,13,4515.26,1
u14193,2,821.59,67
u14194,21,9878.97,4
u14195,1,737.5999999999999,251
u14196,1,318.52,106
u14198,4,545.4,17
u14199,1,10.2,217
u14201,7,711.04,59
u14204,1,138.58,1
u14205,2,288.2,16
u14206,1,302.65999999999997,238
u14208,1,101.14,94
u14209,6,1485.43,10
u1421,6,1631.24,105
u14211,9,2046.65,52
u14212,1,1070.48,89
u14214,5,944.98,30
u14215,6,1701.47,11
u14216,4,1287.1,2
u14217,17,1386.3300000000002,1
u14218,1,169.48000000000002,42
u14219,1,73.44,3
u1422,2,632.4,246
u14221,9,2835.35,41
u14222,1,673.22,176
u14223,3,745.68,91
u14224,4,804.52,109
u14226,4,2007.49,29
u14227,10,2927.56,25
u14229,3,1189.0,51
u14231,3,793.26,183
u14232,5,2002.42,42
u14233,4,1462.72,48
u14234,4,767.96,21
u14235,5,3029.76,74
u14236,2,474.96,80
u14237,1,77.45,372
u14238,1,117.0,325
u14239,11,1996.75,42
u1424,2,745.14,29
u14241,1,213.70000000000002,183
u14242,2,219.25,234
u14243,10,2274.97,8
u14245,2,1516.7,219
u14246,3,1361.76,110
u14247,1,104.12,277
u14248,1,98.58,317
u1425,3,1837.05,6
u14251,5,2879.7000000000003,1
u14256,2,693.0600000000001,259
u14257,5,2952.7200000000003,63
u14258,9,10748.2,8
u14259,1,104.1,141
u14261,1,735.75,78
u14262,8,2601.23,7
u14264,2,177.17000000000002,154
u14267,3,940.44,162
u1427,1,341.65000000000003,331
u14271,1,92.42,225
u14272,2,368.15999999999997,73
u14273,4,559.97,50
u14276,3,1042.49,98
u1428,1,92.63999999999999,196
u14282,15,3729.34,2
u14284,2,505.3,30
u14285,4,1256.66,20
u14286,3,4422.3,23
u14287,3,176.63,7
u14288,1,375.6,212
u14289,6,508.06,8
u1429,5,1983.2,10
u14291,11,3356.1,1
u14292,9,3960.73,7
u14293,4,946.84,2
u14295,1,166.20000000000002,39
u14297,4,1225.73,17
u14298,44,48142.35,7
u14299,8,2696.77,7
u143,1,43.2,18
u14301,1,640.14,116
u14304,1,224.4,222
u14305,3,1811.16,70
u14306,2,1571.32,50
u14307,6,2766.07,88
u14309,9,2137.13,7
u14311,1,213.01,242
u14312,6,1342.34,46
u14314,1,120.0,106
u14315,6,2074.03,44
u14317,1,375.58,64
u1432,2,452.85,206
u14321,5,1415.8,10
u14323,2,517.66,114
u14326,1,183.85,241
u14327,1,311.65,162
u14329,7,4135.55,16
u14331,2,395.76,123
u14332,3,866.31,22
u14333,1,158.20000000000002,67
u14334,8,1930.61,16
u14336,4,1575.11,16
u14338,1,457.12,195
u14339,1,309.52,242
u1434,1,134.7,218
u14341,8,2037.93,44
u14342,4,498.56,20
u14344,8,676.73,126
u14345,1,108.97999999999999,38
u14346,2,809.54,120
u14348,1,297.87,259
u14349,1,125.0,9
u1435,1,282.93,273
u14351,1,51.0,164
u14352,4,845.1600000000001,156
u14353,1,90.6,214
u14354,2,163.62,5
u14355,1,158.5,365
u14356,2,480.93,79
u14357,1,215.82,42
u14359,3,799.08,18
u1436,4,1732.83,31
u14362,1,148.45,21
u14364,8,3338.75,108
u14367,16,8034.02,7
u14368,1,105.2,319
u14371,1,100.5,294
u14373,1,10.2,357
u14375,1,239.23,184
u14377,2,350.25,190
u14379,2,340.15000000000003,43
u14381,1,202.68,51
u14382,1,610.12,25
u14383,3,1061.59,37
u14385,3,202.11,8
u14386,1,93.6,296
u14387,3,1456.21,32
u14388,8,2954.44,9
u14389,2,1014.46,64
u1439,9,4226.97,9
u14393,1,67.95,217
u14395,9,3119.51,1
u14396,2,451.09,64
u14397,18,2310.86,2
u144,1,574.7,148
u14401,13,3638.42,3
u14403,3,1069.31,140
u14404,6,1211.37,33
u14406,1,136.85,118
u14407,5,1784.49,106
u14408,7,2544.33,10
u14409,6,1989.5,70
u1441,9,891.52,91
u14411,1,640.2,310
u14412,2,647.93,42
u14413,1,112.75,361
u14414,7,1457.18,91
u14415,13,5344.68,0
u14416,2,490.22,21
u14418,3,1810.2,3
u14419,6,1032.21,10
u1442,1,387.52,98
u14421,2,728.61,56
u14422,6,3711.13,0
u14423,1,265.2,217
u14424,1,322.08,17
u14426,9,3802.37,23
u14427,2,363.34000000000003,49
u14428,5,861.13,6
u14431,1,303.66,302
u14432,6,2142.1,9
u14434,6,1372.8,21
u14436,1,76.56,98
u14437,1,63.0,365
u14438,1,131.9,305
u1444,5,1631.48,7
u14441,4,1327.79,0
u14443,4,1384.25,53
u14446,4,956.83,0
u14447,5,1147.33,18
u14448,2,365.40000000000003,8
u14449,4,873.85,18
u1445,3,483.25,180
u14451,2,645.59,59
u14452,2,196.89000000000001,10
u14453,1,109.98,189
u14456,9,2814.14,4
u14457,1,113.64,310
u14459,1,1548.72,154
u1446,3,399.78,109
u14461,3,1587.7,147
u14462,11,1670.1200000000001,65
u14463,3,339.42,97
u14465,3,967.27,246
u14466,7,1608.55,28
u14467,4,532.51,17
u1447,2,334.59000000000003,11
u14472,8,1587.34,103
u14473,1,133.44000000000003,73
u14474,1,210.06,45
u14475,3,688.35,71
u14476,1,205.75,256
u14477,4,1309.6,19
u14479,2,252.65,253
u1448,1,262.55,10
u14481,2,620.01,164
u14482,6,1976.45,17
u14483,1,137.1,281
u14484,1,321.92,49
u14485,1,147.3,38
u14487,6,941.38,26
u14488,1,989.38,67
u14489,1,463.38,206
u14491,2,220.98,174
u14493,5,2079.79,6
u14494,1,139.56,25
u14495,2,123.8,50
u14496,2,413.96000000000004,311
u14497,1,335.52,308
u14498,5,1639.27,42
u14499,3,775.62,25
u145,2,293.1,87
u14501,2,251.21,183
u14502,9,1901.28,19
u14503,6,3031.36,2
u14504,4,507.21,46
u14505,8,5210.84,16
u14506,5,1295.8700000000001,16
u14507,6,1166.68,23
u14508,2,196.42000000000002,21
u14511,5,1202.61,10
u14512,2,169.82999999999998,187
u14513,3,455.59000000000003,100
u14514,3,878.7,60
u14515,5,1853.49,17
u14517,2,192.55,32
u14518,1,148.92000000000002,63
u1452,2,237.60000000000002,1
u14522,4,959.04,23
u14523,1,228.59,107
u14524,9,1454.68,31
u14525,9,3815.05,19
u14527,54,4375.9800000000005,2
u14528,1,347.21999999999997,36
u14529,3,584.39,59
u1453,6,2290.31,25
u14532,3,200.4,235
u14533,7,1917.92,24
u14534,18,3410.68,2
u14535,3,2575.33,59
u14536,1,76.85000000000001,259
u14537,1,355.56,57
u14538,2,334.35,64
u14539,2,520.48,15
u1454,3,880.11,9
u14541,7,1273.9,58
u14542,1,103.25,185
u14543,16,1944.19,28
u14544,2,1848.78,23
u14546,5,2340.54,4
u14547,8,3525.59,3
u14548,2,652.8,150
u14549,1,232.54,310
u1455,2,712.72,10
u14551,2,133.23,17
u14552,1,157.12,151
u14553,5,549.32,18
u14554,4,2101.9900000000002,9
u14555,2,324.14,56
u14557,1,788.38,84
u1456,17,977.67,6
u14561,3,1034.41,75
u14562,18,4055.12,3
u14565,4,2753.57,95
u14567,2,1257.96,56
u14569,1,202.49,0
u1457,2,189.36,280
u14572,7,2409.29,2
u14573,9,803.72,179
u14576,1,35.400000000000006,371
u14577,4,859.71,12
u14578,1,168.63,2
u14581,1,130.35,16
u14582,1,94.21000000000001,40
u14583,5,890.1,5
u14584,4,834.96,168
u14585,1,148.55,49
u14586,1,237.36,276
u14587,9,1286.74,18
u14591,4,1258.14,14
u14592,3,528.81,34
u14593,3,436.79,21
u14594,2,273.28,6
u14595,6,1542.6000000000001,19
u14597,2,883.15,10
u14598,1,221.97,43
u146,1,236.43,305
u14601,1,213.96,10
u14603,1,660.0,274
u14606,90,8951.67,0
u14607,11,13221.5,15
u14608,4,1785.15,3
u14609,2,266.4,71
u14616,3,406.08000000000004,242
u14618,3,523.44,8
u14619,1,263.74,245
u1462,2,346.98,205
u14621,5,1545.26,0
u14622,1,281.08000000000004,184
u14623,5,746.17,31
u14624,2,225.85,56
u14625,2,668.48,195
u14626,4,2269.82,23
u14628,2,411.71000000000004,90
u14629,2,568.66,3
u14631,3,968.28,50
u14632,1,98.66,262
u14633,1,235.4,265
u14636,2,609.85,35
u14638,1,269.6,50
u14639,6,2243.29,51
u1464,6,1684.5800000000002,23
u14641,1,110.46,21
u14642,1,96.12,58
u14643,2,646.11,169
u14644,2,470.66,67
u14645,2,438.14,156
u14647,1,243.22,200
u14649,4,1228.44,4
u14651,2,561.15,66
u14652,1,94.28,76
u14653,7,1491.55,0
u14655,4,1917.28,7
u14656,2,240.95000000000002,168
u14657,4,707.37,17
u14658,2,110.60000000000001,4
u14659,9,2302.78,8
u1466,2,256.24,86
u14661,1,41.05,26
u14662,4,663.02,28
u14664,2,568.24,19
u14665,5,1572.35,60
u14666,1,160.04999999999998,23
u14667,25,7868.7,10
u14669,3,1094.44,241
u1467,2,403.58,279
u14672,2,644.85,234
u14673,5,1736.4,2
u14675,1,523.8,15
u14676,6,2412.2400000000002,30
u1468,16,28383.71,24
u14681,3,120.0,70
u14682,2,52.0,187
u14684,5,1176.73,25
u14687,1,628.38,106
u14688,21,5416.57,7
u14689,1,104.85,208
u1469,2,316.05,43
u14691,5,1983.98,30
u14692,4,558.55,136
u14693,1,45.4,263
u14696,7,1917.3,3
u14697,2,163.76,217
u14698,5,1070.06,1
u14699,1,109.13000000000001,213
u147,3,2029.65,31
u14701,9,1725.8700000000001,10
u14702,17,2389.94,0
u14703,1,318.17,14
u14704,7,1339.77,19
u14705,1,179.0,198
u14708,3,847.77,2
u14709,13,4480.54,14
u1471,4,548.28,13
u14711,11,1870.05,9
u14712,3,891.57,28
u14713,11,2325.96,8
u14714,1,127.53999999999999,23
u14715,4,718.83,24
u14716,2,298.78,42
u14719,5,1463.68,1
u1472,3,443.16,5
u14722,1,162.07,146
u14723,6,1041.7,9
u14725,1,572.9300000000001,24
u14727,1,116.03,273
u14729,1,290.79,373
u1473,8,1554.06,0
u14731,3,359.57,46
u14732,8,2217.15,7
u14733,12,7803.36,15
u14735,31,5082.54,3
u14737,3,909.55,3
u14738,7,1243.5,42
u14739,7,3818.64,3
u1474,3,1244.56,196
u14741,6,1363.94,11
u14744,7,1076.48,15
u14745,5,1188.46,112
u14747,1,176.95000000000002,248
u14748,5,1352.15,28
u14752,1,389.64,43
u14753,1,526.75,86
u14754,2,608.3,44
u14755,11,4205.53,9
u14756,1,607.96,14
u14757,1,395.5,74
u14758,4,719.26,144
u14759,3,1058.07,4
u1476,1,89.2,296
u14761,2,255.9,58
u14762,1,300.52,263
u14764,1,278.3,46
u14765,3,179.91,28
u14766,6,2340.22,7
u14768,2,192.60000000000002,16
u14769,8,9022.35,2
u1477,2,652.97,231
u14772,1,126.50999999999999,111
u14775,3,1011.9,57
u14776,11,2387.1,50
u14778,2,691.0600000000001,126
u14779,3,187.55,280
u1478,2,400.88,54
u14782,1,200.10000000000002,319
u14784,2,250.04000000000002,25
u14785,2,77.4,9
u14788,2,607.74,6
u14789,1,197.64,28
u1479,4,660.0600000000001,16
u14792,1,6.2,63
u14793,1,228.99,20
u14794,6,1060.06,2
u14795,1,4.25,165
u14796,17,7661.38,0
u14798,3,173.74,52
u14799,1,53.6,50
u148,12,3895.34,47
u14801,1,162.14,60
u14803,3,646.65,161
u14804,1,179.82,8
u14805,4,296.45,14
u14806,1,184.44,74
u14808,7,2119.62,39
u1481,11,2038.08,40
u14813,2,113.48,369
u14815,2,778.5,36
u14816,1,11.9,196
u14817,2,990.44,199
u14818,3,531.65,73
u14819,2,203.67000000000002,63
u1482,4,423.79,20
u14821,1,48.800000000000004,366
u14823,3,217.18,179
u14824,4,1127.71,9
u14825,12,1985.21,3
u14828,3,1636.56,196
u14829,4,697.55,28
u1483,1,188.03,52
u14834,6,1335.9,17
u14836,2,99.44999999999999,9
u14837,4,1649.5,89
u1484,1,62.85,267
u14841,6,2787.36,52
u14842,4,2274.04,43
u14844,4,2881.51,63
u14847,1,218.4,148
u14849,25,7266.55,21
u1485,1,317.25,311
u14851,2,479.55,22
u14852,6,2567.94,57
u14853,2,88.5,23
u14854,7,2516.38,77
u14855,2,266.15,118
u14856,3,989.78,35
u14857,2,916.17,59
u14859,4,1231.3400000000001,12
u1486,1,170.32,18
u14861,1,125.79,51
u14862,2,779.86,25
u14863,1,266.76,28
u14865,2,52.2,6
u14866,11,12970.6,10
u14867,3,517.78,185
u14868,8,2710.84,2
u14869,2,627.75,8
u1487,1,327.25,261
u14871,4,522.38,2
u14873,1,346.93,209
u14875,2,1159.67,107
u14878,9,1429.04,12
u1488,3,540.69,76
u14881,1,255.4,19
u14882,2,510.20000000000005,26
u14883,6,761.59,18
u14885,1,765.3199999999999,131
u14886,1,325.0,252
u14887,1,1862.0,78
u14888,1,369.2,206
u14889,1,135.9,335
u1489,1,125.65,253
u14891,2,554.38,147
u14893,2,1063.71,9
u14894,1,655.75,84
u14895,19,8592.36,7
u14896,2,457.82,204
u14897,4,672.58,7
u14898,6,1168.07,22
u14901,9,1091.19,10
u14902,1,299.66,25
u14903,5,2432.93,20
u14904,2,976.48,1
u14905,2,616.15,157
u14907,7,3091.1,2
u14908,1,180.3,73
u1491,4,374.65,2
u14913,4,1168.78,35
u14915,2,281.98,90
u14916,4,1221.99,70
u14918,2,1428.65,115
u1492,2,817.57,212
u14921,2,1316.07,29
u14923,1,656.0,50
u14924,1,168.05,245
u14929,1,172.88,31
u14944,12,5340.7,29
u14946,1,100.9,13
u14947,2,275.82,71
u14948,6,953.6700000000001,22
u1495,1,243.5,18
u14951,1,273.44,78
u14952,10,6924.84,59
u14953,1,220.42,24
u14954,1,193.57,11
u14957,1,58.49,252
u14958,3,206.38,146
u14959,4,663.62,63
u1496,2,211.32,7
u14961,9,6526.2300000000005,10
u14962,1,85.05000000000001,270
u14963,5,1310.45,9
u14964,1,183.51,246
u14965,1,464.55,95
u14966,1,191.32,14
u14967,1,463.8,49
u14968,1,139.09,29
u1497,4,1465.51,67
u14971,2,904.97,34
u14972,1,53.47,127
u14973,3,465.4,106
u14974,1,94.49000000000001,36
u14975,1,279.94,56
u14976,6,618.26,56
u14978,5,1081.3700000000001,71
u14981,1,102.12,245
u14984,2,85.02,18
u14985,2,286.8,197
u14987,2,326.4,15
u14988,1,305.29,211
u14995,2,204.68,38
u14997,3,546.1999999999999,45
u14998,2,356.87,169
u15,1,474.02,47
u15002,4,1616.26,115
u15004,1,858.9,146
u15005,28,5696.22,15
u15006,1,451.74,50
u15007,1,146.96,158
u15009,3,1161.63,11
u1501,1,263.19,35
u15012,2,361.19,53
u15014,2,260.17,42
u15016,1,100.24000000000001,172
u15017,1,115.63,33
u15018,3,275.36,38
u15019,1,239.05,266
u15021,9,1556.17,8
u15022,3,802.92,11
u15023,11,4971.26,2
u15024,9,1495.23,9
u15025,1,349.61,32
u15026,3,343.75,79
u15027,4,801.35,30
u15028,4,553.48,7
u1503,2,323.88,71
u15031,4,517.84,3
u15032,2,4935.25,255
u15033,10,2334.31,4
u15034,8,3706.73,15
u15035,1,252.73000000000002,89
u15036,3,400.5,71
u15038,6,403.29,58
u15039,45,15994.69,9
u15041,1,150.65,169
u15042,1,46.68,198
u15043,1,537.0,30
u15044,17,5456.63,18
u15045,1,60.06,151
u15046,15,4745.37,8
u15047,1,343.62,269
u15048,4,284.35,64
u15049,1,121.17000000000002,273
u1505,3,1676.29,24
u15051,3,1298.91,22
u15052,1,135.88,318
u15053,3,697.79,4
u15054,2,277.95,11
u15057,2,1016.4,274
u15058,11,1885.29,24
u15059,9,1062.67,40
u1506,4,276.34,7
u15061,48,36754.94,3
u15062,4,971.96,70
u15063,1,70.19999999999999,212
u15065,4,2250.08,37
u15066,1,701.79,52
u15067,3,1442.56,77
u15068,2,441.81,45
u15069,1,795.48,178
u1507,1,106.2,372
u15071,2,709.22,93
u15073,3,1013.41,9
u15074,1,748.87,104
u15075,1,649.18,77
u15076,1,771.3,172
u15078,31,9421.06,6
u15079,3,773.76,212
u15081,5,363.7,21
u15083,1,62.699999999999996,256
u15087,1,306.94,281
u15088,2,825.52,20
u15089,6,1920.29,9
u1509,1,286.52,307
u15091,1,446.71,67
u15092,2,279.61,214
u15093,6,3474.52,17
u15095,4,1278.5,103
u15096,1,206.89000000000001,42
u15097,1,215.08,3
u15098,1,297.0,181
u15099,1,410.48,83
u15101,2,317.53,8
u15103,2,573.46,30
u15104,2,592.49,196
u15105,7,2159.33,17
u15106,5,1291.97,17
u15107,5,175.5,310
u15109,1,327.15000000000003,245
u1511,4,620.4,23
u15111,3,1339.68,28
u15113,3,3474.44,9
u15114,10,2760.56,29
u15115,1,238.81,17
u15116,4,1298.0,17
u15117,5,1498.73,14
u15118,1,244.8,133
u15119,1,162.8,245
u1512,1,263.12,133
u15121,2,399.07,49
u15122,3,1461.78,113
u15123,2,1985.9099999999999,6
u15124,2,154.34,22
u15125,15,10392.28,24
u15127,1,406.53,65
u15128,4,1387.5,59
u15129,11,3212.15,49
u1513,1,330.11,169
u15132,5,977.9300000000001,17
u15133,3,965.42,127
u15134,8,1357.39,14
u15135,1,139.05,238
u15136,4,1286.7,2
u15139,2,178.96,239
u1514,7,2229.65,51
u15142,1,449.24,45
u15143,1,239.55,225
u15144,17,6357.44,7
u15145,4,935.77,3
u15146,2,1284.76,164
u15147,1,405.4,239
u15148,1,301.29,10
u15149,1,372.45000000000005,133
u1515,10,4694.17,16
u15152,13,3816.89,9
u15153,1,256.2,30
u15154,1,184.47,74
u15156,3,762.39,0
u15157,3,1763.57,3
u15158,1,401.40000000000003,44
u15159,28,15848.56,1
u1516,1,158.16,356
u15163,2,283.27,17
u15164,3,777.55,68
u15165,1,362.7,372
u15167,1,138.6,320
u15168,1,58.86,25
u15171,1,1289.5,330
u15172,5,1579.2,8
u15174,1,134.2,322
u15175,1,213.94,71
u15178,1,40.5,259
u15179,5,2061.55,17
u1518,1,87.5,366
u15181,3,450.67999999999995,65
u15182,2,605.85,153
u15184,2,288.01,28
u15185,1,230.72,69
u15186,2,370.01,13
u15187,13,2310.08,1
u15189,41,12117.54,0
u15192,3,845.52,119
u15193,1,350.87,60
u15194,15,6908.47,2
u15195,1,3861.0,2
u15197,3,634.71,10
u15198,2,193.64,91
u15199,4,1183.7,58
u15201,5,1236.54,86
u15203,6,1827.8,25
u15204,1,248.58,356
u15205,2,448.65,84
u15206,4,420.29999999999995,9
u15208,5,442.57,0
u1521,1,245.28,224
u15211,2,655.9100000000001,59
u15212,1,62.0,240
u15213,2,328.35,318
u15214,8,1543.94,1
u15215,3,494.24,46
u15216,1,33.0,87
u15218,11,5457.49,10
u15219,1,152.8,175
u1522,6,1659.81,51
u15221,1,162.60000000000002,365
u15222,1,585.0,318
u15223,2,444.55,225
u15224,2,244.13,357
u15225,1,344.70000000000005,233
u15226,1,128.91,310
u15227,5,971.1,36
u15228,4,3097.5099999999998,65
u1523,2,429.6,238
u15232,2,612.06,112
u15234,1,197.0,276
u15235,12,2015.51,217
u15236,1,321.05,298
u15237,4,1259.22,1
u15238,3,915.19,28
u15239,2,728.55,9
u1524,5,1656.92,44
u15241,8,1578.49,66
u15243,1,316.68,73
u15244,2,565.17,64
u15245,3,2481.84,133
u15246,2,481.5,237
u15247,1,321.2,121
u15249,13,6354.36,31
u15251,11,8619.94,8
u15252,2,730.58,35
u15253,5,888.4499999999999,15
u15254,1,300.36,126
u15255,1,865.35,66
u15256,1,98.45,148
u15257,1,40.2,282
u15258,2,386.76,168
u1526,7,1653.27,99
u15261,1,254.82,134
u15262,1,161.95000000000002,323
u15263,1,134.47,106
u15264,1,393.74,63
u15265,2,1046.52,150
u15266,1,47.7,337
u15267,5,1717.36,21
u15269,1,118.80000000000001,23
u1527,7,2004.49,15
u15271,15,2196.77,6
u15272,2,518.64,56
u15274,2,711.53,3
u15275,1,530.89,37
u15276,1,102.06,65
u15277,1,255.89999999999998,46
u15279,1,260.61,354
u1528,1,113.12,171
u15281,9,1944.6000000000001,58
u15286,1,240.55,49
u15287,2,486.69,21
u15288,5,2074.12,42
u15289,3,939.78,28
u1529,18,6452.17,4
u15291,14,3837.9,25
u15292,1,114.24000000000001,200
u15296,6,3078.71,50
u15297,3,624.94,9
u15298,12,4540.2,1
u15299,5,3379.16,66
u153,1,454.44,63
u15301,11,4354.6,50
u15303,1,444.42,289
u15304,5,242.60000000000002,60
u15306,3,969.7,63
u15307,1,119.20000000000002,95
u15308,1,232.17000000000002,273
u15311,91,57752.65,0
u15312,4,924.85,74
u15313,1,52.0,109
u15314,1,327.97,198
u15315,2,570.5,63
u15316,1,165.0,326
u15318,1,303.26,3
u15319,1,145.0,283
u1532,1,258.63,43
u15321,3,2343.16,70
u15322,1,590.58,85
u15325,1,162.29,103
u15326,1,311.71,333
u15327,1,125.1,52
u15329,3,815.95,38
u1533,2,680.4,31
u15333,1,1028.56,207
u15334,3,338.77,156
u15335,1,165.47,52
u15339,2,534.22,65
u15341,1,2020.52,80
u15342,1,391.14,129
u15343,1,147.9,86
u15344,2,187.79000000000002,31
u15345,1,185.39000000000001,45
u15346,1,247.38,332
u15347,1,201.60000000000002,365
u15348,1,158.04,71
u15349,2,390.61,157
u1535,1,115.65,372
u15351,7,1621.06,11
u15353,2,544.97,254
u15355,2,189.3,28
u15356,10,2737.65,30
u15358,22,7939.98,4
u1536,1,417.85,39
u15361,1,418.92,361
u15363,1,310.1,372
u15364,2,913.19,95
u15365,7,2115.7200000000003,25
u15366,2,566.06,74
u15367,4,1740.69,56
u15368,1,430.44000000000005,20
u1537,5,1495.2,70
u15372,1,1955.56,136
u15373,10,1400.01,7
u15374,1,117.0,128
u15376,3,1092.81,39
u15379,7,3421.89,168
u1538,5,457.36,8
u15381,1,282.29999999999995,267
u15382,6,5385.16,14
u15384,2,622.51,169
u15385,1,300.38,39
u15386,1,394.14,185
u15389,1,500.0,171
u15392,4,1480.03,4
u15393,2,231.86,15
u15394,4,1793.69,9
u15395,1,74.55000000000001,325
u15396,1,204.28,112
u15397,1,94.0,289
u15398,2,1283.63,15
u15399,3,815.77,0
u154,5,716.2,91
u15402,2,526.95,148
u15405,1,230.6,188
u15406,2,340.91,30
u15407,4,678.64,33
u15408,1,121.98,263
u1541,8,2816.19,83
u15411,4,1025.98,25
u15412,1,80.03,170
u15414,3,713.61,9
u15415,1,555.8100000000001,312
u15416,4,3185.92,64
u15417,1,508.8,84
u15419,1,135.86,24
u15421,4,870.86,58
u15422,2,97.7,322
u15423,1,36.0,37
u15424,2,383.34,253
u15426,5,1239.39,18
u15427,3,1330.99,32
u15428,1,93.78,14
u15429,2,357.74,26
u15432,1,171.19,22
u15433,2,533.3,213
u15434,5,998.98,7
u15435,1,109.94,21
u15436,3,965.93,11
u15437,1,183.71,261
u15438,1,137.13,130
u1544,3,303.04,54
u15442,1,594.0,248
u15443,7,2781.91,1
u15444,2,1260.86,8
u15445,1,68.1,263
u15447,1,129.67,330
u15448,1,405.04,312
u15449,3,954.62,25
u1545,1,383.14,29
u15452,3,503.08,29
u15453,7,1176.72,1
u15454,1,157.2,361
u15456,3,421.72,282
u15457,1,217.17,261
u15458,1,161.64,24
u1546,1,169.66,353
u15462,3,234.6,93
u15463,1,126.14,28
u15464,1,717.45,337
u15465,18,2769.67,19
u15466,1,324.58,84
u15467,3,499.93,8
u15468,1,377.91,50
u15469,2,282.1,49
u15471,1,452.73,1
u15472,1,335.15999999999997,112
u15473,7,1771.2,13
u15475,1,406.31,76
u15478,2,1186.47,39
u15482,11,7992.56,15
u15483,4,225.31,160
u15484,4,3435.11,0
u15485,3,1998.6000000000001,29
u15488,1,76.32000000000001,92
u15489,3,976.4300000000001,22
u15491,6,2568.4900000000002,94
u15492,2,518.66,27
u15493,5,1222.3,32
u15494,2,1184.43,20
u15497,2,989.2,17
u15498,26,11939.7,2
u155,4,872.41,7
u15502,9,5119.63,15
u15503,1,128.64000000000001,362
u15504,1,52.83,80
u15505,5,3472.36,52
u15506,3,921.31,22
u15507,1,296.76,171
u15508,6,844.57,188
u15511,5,539.63,11
u15512,2,121.0,155
u15513,19,12059.82,32
u15514,11,3379.21,11
u15516,3,53.93,44
u15517,1,254.28,232
u15518,7,1772.9,63
u1552,1,343.5,1
u15521,7,2248.4,39
u15522,2,398.84,32
u15523,1,403.51000000000005,83
u15525,3,633.62,1
u15526,1,9.14,32
u15527,8,1584.88,18
u15528,1,137.93,253
u15529,11,3825.96,22
u1553,4,1163.2,21
u15531,2,1719.49,7
u15532,4,1111.73,24
u15533,3,583.62,18
u15535,4,285.3,172
u15537,1,86.02,162
u15539,1,538.46,6
u1554,1,213.3,10
u15541,1,85.13000000000001,113
u15543,1,117.91,287
u15544,9,3486.17,8
u15545,2,233.12,53
u15547,13,4238.29,6
u15549,3,1242.06,76
u1555,4,474.38,3
u15551,1,277.71000000000004,36
u15552,1,90.12,216
u15553,1,390.93,59
u15554,1,130.4,277
u15555,16,4062.12,11
u15556,1,239.76999999999998,23
u15557,1,371.0,28
u15561,4,520.19,11
u15562,1,134.55,351
u15563,3,1097.44,21
u15565,2,123.66000000000001,49
u15567,1,171.06,18
u15568,3,724.39,2
u15569,5,1362.96,103
u1557,12,3258.32,6
u15571,4,607.28,11
u15572,7,1819.51,4
u15573,2,476.85,31
u15574,4,495.5,177
u15576,1,805.22,37
u15577,3,209.53,150
u15578,1,119.15,161
u15579,2,214.1,68
u15581,10,608.13,155
u15582,3,663.01,24
u15584,4,616.71,23
u15585,1,439.4,176
u15587,4,913.6800000000001,49
u15589,3,413.73,255
u15592,1,388.58,46
u15593,1,199.8,70
u15594,5,1654.38,15
u15596,5,1109.14,100
u15597,1,324.57,34
u15598,1,223.68,52
u15599,2,684.89,26
u15601,14,5622.01,10
u15602,9,1222.92,7
u15603,1,48.480000000000004,78
u15604,1,216.39,51
u15605,5,944.5300000000001,35
u15606,9,2733.16,60
u15607,1,87.76,336
u15608,4,961.08,27
u15609,1,268.78000000000003,183
u1561,1,112.46000000000001,51
u15611,11,1069.3500000000001,9
u15612,2,180.15,35
u15615,23,9405.14,9
u15618,4,739.951,32
u15619,1,244.60000000000002,10
u1562,3,1194.51,56
u15621,4,1293.03,3
u15622,9,3049.71,42
u15623,1,229.43,140
u15624,4,532.78,116
u15625,4,1404.8999999999999,103
u15626,2,625.92,74
u15628,9,2637.14,4
u1563,2,1001.15,44
u15632,8,3078.0099999999998,15
u15634,1,227.65,16
u15636,2,589.5600000000001,89
u15637,1,223.36,52
u15639,1,178.02,133
u1564,15,10301.11,3
u15641,4,1823.6,104
u15643,3,433.95000000000005,191
u15644,4,741.55,165
u15645,1,562.69,18
u15646,3,389.39000000000004,157
u15648,2,541.0500000000001,203
u15649,2,816.0,335
u15651,3,646.3,36
u15652,1,263.09,90
u15653,2,877.4399999999999,92
u15654,2,907.53,8
u15655,1,465.57,242
u15656,4,569.4,44
u15657,1,30.0,22
u15658,4,583.85,189
u15659,1,108.45,43
u1566,8,1510.56,24
u15661,2,309.8,316
u15663,1,138.14,105
u15664,1,311.43,50
u15665,2,2155.41,167
u15667,1,301.32,39
u15668,1,76.32000000000001,217
u15669,4,608.84,39
u1567,1,157.15,296
u15671,7,2564.73,18
u15673,4,2274.87,87
u15674,4,1906.29,72
u15675,3,281.24,80
u15676,3,2885.26,18
u15677,1,580.93,48
u15678,1,352.7,52
u15679,4,773.78,23
u1568,3,1274.23,8
u15681,5,1358.16,24
u15683,1,193.75,116
u15687,9,2358.15,8
u15689,2,238.8,119
u1569,2,239.76,3
u15691,1,136.8,251
u15692,1,191.04,27
u15694,13,4593.3,0
u15695,2,371.73,266
u15696,8,2247.51,32
u15699,1,201.0,17
u157,2,592.23,171
u15701,4,1211.54,1
u15703,1,211.5,264
u15704,4,1847.57,139
u15705,1,79.5,200
u15706,3,684.16,64
u15707,4,834.57,34
u15708,7,2738.29,40
u15709,1,133.25,283
u15712,5,944.6600000000001,8
u15713,2,251.60000000000002,142
u15714,2,255.38000000000002,11
u15716,4,1092.16,145
u15717,1,150.3,233
u15719,13,4593.01,32
u1572,1,434.73,23
u15721,1,498.58,11
u15722,5,1976.8100000000002,35
u15723,1,149.4,364
u15724,2,218.25,200
u15725,1,382.25,14
u15727,7,4315.46,16
u15729,1,85.0,212
u1573,3,957.83,65
u15732,2,294.12,211
u15733,1,112.4,282
u15734,2,998.8500000000001,114
u15737,6,951.97,14
u15738,16,4778.52,18
u15739,1,449.12,65
u1574,1,154.88,48
u15743,4,551.3100000000001,15
u15744,1,34.8,77
u15745,4,913.44,18
u15746,1,196.88,133
u15747,3,867.29,12
u15748,1,139.36,39
u15749,3,44534.3,234
u1575,8,2251.2400000000002,2
u15752,7,2614.53,39
u15753,1,79.2,304
u15754,3,458.57,50
u15755,6,2093.75,9
u15756,4,451.86,60
u15757,2,676.72,65
u15758,1,205.25,24
u15759,2,77.24000000000001,296
u15762,2,482.95000000000005,64
u15763,2,587.87,31
u15764,6,2764.27,87
u15766,1,273.65999999999997,63
u15768,3,301.03,115
u15769,26,56252.72,6
u15773,1,616.96,5
u15774,1,189.75,68
u15775,1,87.9,244
u15776,1,170.97,132
u15777,4,880.41,240
u1578,3,402.08,183
u15781,3,254.91,24
u15782,3,2066.34,9
u15783,1,214.1,10
u15785,5,1725.0700000000002,32
u15786,3,4183.65,45
u15787,3,767.35,25
u15789,1,346.26,357
u1579,1,160.65,9
u15791,2,1377.45,43
u15793,3,948.96,14
u15795,1,502.36,149
u15796,8,2049.1600000000003,0
u15797,3,2192.4,112
u15799,3,746.89,75
u158,2,590.88,106
u15801,3,997.85,45
u15803,1,415.82000000000005,50
u15804,13,3394.94,0
u15805,17,5180.63,22
u15806,3,784.58,45
u15807,2,798.1,49
u15808,4,3174.42,305
u15809,4,340.12,35
u1581,4,1307.23,78
u15811,6,1948.0700000000002,21
u15812,5,1675.3400000000001,106
u15813,2,937.66,207
u15814,4,1614.73,16
u15815,5,2020.5,63
u15819,4,1828.65,48
u1582,1,206.98,319
u15821,2,377.11,43
u15822,2,627.02,2
u15825,1,199.44,171
u15826,3,1482.6100000000001,55
u15827,14,1463.24,72
u15829,2,605.6,98
u1583,1,459.5,37
u15831,3,726.81,57
u15832,1,821.49,253
u15834,3,1512.57,69
u15835,4,802.09,43
u15836,1,49.97,49
u15837,1,300.23,64
u15838,19,33643.08,10
u15839,3,1048.49,32
u1584,2,338.56,58
u15841,4,1209.06,72
u15843,1,80.70000000000002,303
u15844,1,108.83999999999999,45
u15845,8,3325.27,17
u15847,2,338.52,37
u1585,2,222.6,18
u15852,2,109.71000000000001,186
u15853,1,110.8,51
u15854,12,2913.25,3
u15855,5,712.24,136
u15856,27,16069.210000000001,3
u15857,1,297.0,18
u15858,5,1227.7,15
u1586,8,784.8100000000001,40
u15861,7,2932.61,11
u15862,4,717.89,7
u15863,2,42.44,25
u15864,6,1828.92,21
u15865,3,483.58,40
u15866,1,161.08,100
u15867,15,2299.29,4
u15869,2,149.64,276
u1587,1,337.34000000000003,32
u15872,2,302.93,14
u15874,7,3481.83,63
u15877,2,413.21,1
u1588,1,306.43,368
u15881,5,483.49,311
u15882,4,514.08,198
u15883,2,348.28,1
u15885,1,258.55,92
u15886,1,113.14,59
u15888,1,86.14,80
u15889,2,357.07,156
u15891,1,448.17,226
u15894,2,254.95,252
u15895,1,179.17,149
u15897,2,222.05,193
u15898,5,1135.83,0
u15899,1,43.5,368
u159,1,351.11,23
u15901,3,291.23,16
u15903,7,4810.56,9
u15904,1,128.23,7
u15906,7,1225.29,19
u15907,3,833.25,3
u15909,1,191.94,173
u1591,8,1157.53,0
u15912,2,254.67000000000002,177
u15916,7,1089.44,15
u15917,1,60.550000000000004,247
u15918,2,334.23,190
u15919,2,586.34,19
u1592,3,154.6,153
u15921,1,245.18,172
u15922,1,328.70000000000005,372
u15923,1,109.18,372
u15925,1,168.9,193
u1593,1,393.63,66
u15932,8,2345.92,3
u15933,3,1081.6100000000001,20
u15935,1,91.04,238
u15937,1,145.35,63
u15938,5,387.58,111
u15939,14,6060.26,89
u15942,1,300.54,133
u15944,1,149.9,276
u15945,1,181.0,364
u15947,1,1485.84,82
u15948,2,955.24,7
u15949,2,364.72,16
u1595,4,1607.71,31
u15951,2,583.27,8
u15952,4,713.4200000000001,33
u15953,8,1559.83,14
u15955,14,4097.11,23
u15957,1,399.04,31
u15958,1,87.85,73
u15963,2,434.36,19
u15965,4,803.89,16
u15967,2,373.43,22
u15969,3,272.7,2
u1597,1,314.1,303
u15971,12,4199.85,16
u15973,1,110.72,366
u15974,7,3051.25,38
u15975,1,371.01,83
u15976,2,386.64,164
u15977,2,919.88,16
u15978,1,1027.18,76
u1598,3,2398.86,88
u15981,8,3408.48,24
u15983,4,1393.17,21
u15984,10,2624.82,2
u15985,2,1091.42,122
u15986,1,168.12,29
u15987,7,1020.13,11
u15988,1,117.38,18
u1599,2,686.21,43
u15992,1,27.04,3
u15993,6,2272.17,8
u15994,1,400.17,54
u15996,6,773.98,87
u15998,5,2481.42,36
u16,2,10391.2,2
u16003,5,1715.8700000000001,29
u16005,4,505.89,11
u16006,1,101.4,210
u16007,4,1591.09,47
u16008,3,446.98,23
u16009,4,675.5600000000001,21
u1601,3,407.5,245
u16011,16,3298.61,7
u16012,3,1123.79,34
u16013,47,33674.28,3
u16014,3,560.08,37
u16015,3,688.6,3
u16016,8,1251.31,2
u16017,1,172.03,46
u16018,2,346.5,38
u16019,9,2668.79,46
u1602,3,809.01,16
u16022,1,549.4300000000001,259
u16023,3,548.86,45
u16024,1,245.12,11
u16025,1,423.15999999999997,29
u16026,1,236.09,42
u16027,6,718.87,91
u16029,62,72022.29,38
u1603,1,323.29,309
u16031,2,435.09000000000003,91
u16033,20,6901.400000000001,5
u16034,3,437.7,195
u16036,2,750.97,86
u16037,3,675.4200000000001,269
u16038,3,431.98,7
u1604,3,1074.3,64
u16041,3,2688.0,30
u16042,5,1138.47,21
u16043,4,671.7,36
u16045,4,1133.4,119
u16048,2,256.44,372
u16049,3,996.09,39
u1605,1,122.0,173
u16052,1,322.26,53
u16053,2,1334.65,32
u16054,1,619.9,144
u16055,1,78.0,220
u16056,1,530.8,44
u16057,7,1955.47,15
u16059,6,1310.21,65
u16062,4,775.52,9
u16063,1,335.32,259
u16065,1,363.59,364
u16066,5,1291.17,16
u1607,2,852.15,21
u16071,1,299.29,44
u16072,1,144.87,287
u16073,1,122.39999999999999,296
u16076,10,2051.08,2
u16078,1,79.2,283
u16079,3,1291.2,16
u1608,2,217.16,81
u16081,5,2508.65,55
u16083,2,1317.62,100
u16084,1,397.58,298
u16085,5,861.16,22
u16086,5,970.0400000000001,58
u16091,2,315.06,154
u16092,3,752.5600000000001,114
u16093,1,17.0,106
u16094,4,847.93,11
u16096,1,124.62,263
u16097,1,110.4,239
u16098,7,1392.13,87
u16099,3,731.9,49
u16101,1,1246.7,70
u16102,3,1692.3400000000001,41
u16103,4,721.64,79
u16104,1,243.56,61
u16105,1,316.56,248
u16106,1,108.38,65
u16107,7,2889.1600000000003,17
u16108,1,815.3,84
u16109,2,480.47999999999996,218
u1611,3,1248.68,44
u16112,4,195.73999999999998,142
u16113,1,145.43,182
u16114,1,135.75000000000003,170
u16115,8,1518.62,9
u16116,1,446.98,211
u16117,1,195.31,189
u16119,2,423.36,7
u1612,4,1309.14,58
u16121,2,827.41,56
u16122,4,684.4200000000001,72
u16123,1,254.88,51
u16124,1,113.4,316
u16125,1,273.45,366
u16126,4,5781.07,28
u16127,1,656.25,38
u16128,5,1819.27,17
u16131,5,3048.4,51
u16133,33,12974.43,3
u16134,2,586.29,21
u16135,1,313.7,262
u16136,3,566.1800000000001,59
u16139,3,635.41,18
u1614,2,708.18,65
u16141,1,430.70000000000005,87
u16142,1,396.84,249
u16143,6,2050.19,2
u16145,11,3554.19,8
u16146,3,734.13,156
u16147,1,257.0,133
u16148,1,76.32000000000001,295
u16149,2,280.52,4
u1615,5,1841.32,42
u16152,1,1335.14,268
u16153,5,1729.45,49
u16156,9,2813.6400000000003,8
u16157,3,609.59,15
u16159,1,348.2,281
u1616,2,1025.44,64
u16161,19,4669.51,1
u16162,1,11.9,251
u16163,2,652.6,231
u16164,3,782.58,16
u16168,27,3736.6,10
u16169,4,1744.22,7
u1617,6,1765.56,50
u16171,1,73.2,58
u16172,5,1114.71,94
u16173,6,1198.02,15
u16174,3,770.6,125
u16175,4,885.09,93
u16177,1,164.35,49
u16178,1,150.1,137
u16179,1,177.58,60
u1618,8,10099.63,99
u16181,1,305.54,72
u16182,4,6587.8,71
u16183,1,338.71000000000004,66
u16184,6,920.74,63
u16185,2,473.26,16
u16186,12,3948.44,22
u16187,15,6587.34,31
u16188,4,914.71,44
u16189,2,185.57999999999998,15
u1619,1,125.23000000000002,39
u16191,13,4978.22,2
u16193,1,294.55,236
u16198,1,261.481,74
u162,2,866.1700000000001,3
u16201,4,1797.72,2
u16202,1,247.52,360
u16203,4,592.9,58
u16204,1,405.71,22
u16205,4,734.88,30
u16206,4,502.71000000000004,54
u16207,1,310.38,24
u16208,2,534.06,44
u16209,5,2227.72,88
u1621,17,20314.88,1
u16211,1,329.22,88
u16212,2,552.09,18
u16213,1,82.5,78
u16214,3,694.25,170
u16215,1,186.9,80
u16216,1,605.88,266
u16217,2,288.45000000000005,234
u16218,7,2889.08,29
u16221,3,743.66,36
u16222,1,675.4200000000001,317
u16224,4,1121.41,56
u16225,5,1077.8700000000001,44
u16226,3,255.12,202
u16227,1,314.22,224
u16229,2,836.6,86
u1623,2,516.53,189
u16232,4,990.88,43
u16233,2,373.38,70
u16235,4,595.71,40
u16236,1,416.3,77
u16239,2,363.2,56
u1624,2,2658.85,23
u16241,12,2290.87,9
u16242,7,3267.11,7
u16243,2,227.4,33
u16244,2,1464.85,211
u16245,3,1283.16,23
u16247,1,86.16,169
u16248,1,152.94,61
u16249,5,1462.47,52
u1625,2,373.54,260
u16253,2,3657.16,66
u16255,8,2355.61,16
u16256,1,752.4300000000001,266
u16258,5,4860.81,44
u1626,1,810.45,50
u16261,4,615.38,16
u16265,9,4224.63,8
u16266,7,607.99,73
u16268,2,495.2,70
u1627,1,873.49,352
u16271,4,1387.39,15
u16272,1,411.7,116
u16274,1,200.4,372
u16275,1,347.92,196
u16276,1,810.6000000000001,176
u16278,1,211.03,99
u16279,3,1459.08,20
u16281,1,2062.06,71
u16282,1,160.35,339
u16283,5,1345.01,5
u16284,2,790.47,30
u16287,1,142.5,169
u16292,1,282.35,121
u16293,10,1877.74,21
u16295,4,998.1,9
u16297,1,269.9,268
u16298,3,385.2,22
u16302,1,233.22,126
u16303,3,5191.13,25
u16305,1,361.21999999999997,138
u16306,5,601.65,213
u16308,4,2560.0,37
u16309,2,666.77,105
u16311,2,587.61,17
u16313,2,240.65,2
u16315,1,155.52,330
u16316,7,1824.96,63
u16317,3,1145.75,119
u16318,1,328.15,34
u16319,1,404.40000000000003,217
u16322,2,306.85,0
u16323,1,207.50000000000003,195
u16324,3,389.98,127
u16325,3,560.74,46
u16326,14,1334.06,5
u16327,6,3538.57,13
u1633,3,235.16,17
u16332,7,1277.3,27
u16333,22,26263.920000000002,7
u16337,1,122.95,36
u16338,1,199.85,156
u16339,1,30.45,283
u1634,1,489.92,106
u16341,4,1938.37,24
u16342,4,234.76,74
u16343,2,309.13,15
u16344,1,101.10000000000001,157
u16345,1,421.76,43
u16347,2,704.15,10
u16348,7,1192.71,31
u16349,1,12.65,290
u1635,4,946.62,20
u16351,1,153.9,332
u16352,2,494.44,17
u16353,23,6651.71,3
u16354,2,361.40000000000003,62
u16356,3,211.77,197
u16357,3,523.6800000000001,32
u16358,4,2027.5,0
u16359,9,1219.32,6
u1636,6,3071.09,4
u16361,4,695.8100000000001,9
u16362,5,698.12,31
u16363,1,75.36,52
u16364,2,468.89,11
u16365,8,1377.67,17
u16366,1,281.90000000000003,18
u16367,2,726.14,36
u16368,2,452.63,1
u16369,3,1430.83,17
u1637,4,987.91,81
u16372,2,283.68,32
u16374,2,402.58,65
u16376,2,869.66,8
u16377,1,676.2,266
u16378,3,362.95,246
u16379,4,2106.4,3
u1638,1,1765.59,60
u16383,2,610.36,74
u16384,2,502.2,89
u16385,3,479.04,59
u16386,2,287.7,28
u16387,1,94.36,322
u16389,4,1094.07,52
u16392,1,213.54,269
u16393,13,3043.26,1
u16394,5,1555.34,56
u16395,5,1409.44,59
u16398,2,1120.75,153
u16399,2,338.67,18
u164,1,271.08,94
u16401,12,4098.32,0
u16402,2,266.95,264
u16403,1,177.5,311
u16404,1,296.45,69
u16405,2,167.25,301
u16406,1,155.12,18
u16407,9,1838.73,12
u16409,5,1823.68,35
u16411,2,206.7,18
u16412,1,151.83,53
u16413,1,247.25,56
u16414,2,31.6,21
u16415,1,200.4,43
u16416,3,841.22,25
u16418,3,511.82,44
u16419,6,671.9300000000001,112
u16422,51,34684.4,16
u16423,1,329.62,24
u16424,1,101.16,190
u16425,1,157.4,301
u16426,10,1726.65,1
u16427,2,241.06,262
u16429,1,4.95,105
u1643,1,300.85,56
u16431,3,642.81,212
u16432,1,255.0,63
u16433,1,120.66,27
u16434,7,1247.85,28
u16438,5,748.6,5
u1644,5,3587.27,7
u16441,2,358.75,66
u16442,3,522.04,1
u16444,4,603.17,45
u16445,1,208.06,33
u16446,2,168472.5,0
u16447,1,205.76,135
u16448,1,163.39000000000001,197
u16449,2,606.54,197
u1645,1,311.92,149
u16451,1,266.97,87
u16454,1,5.9,63
u16455,7,1841.18,63
u16456,5,2116.62,98
u16457,1,208.36,217
u16458,18,3482.7400000000002,2
u1646,3,737.17,27
u16461,1,76.67,177
u16463,4,1405.4,20
u16464,3,1161.23,19
u16466,7,1492.26,33
u16468,1,62.400000000000006,73
u16469,4,548.18,23
u1647,4,704.64,51
u16471,1,223.95000000000002,274
u16473,3,289.16,164
u16474,6,1738.99,6
u16475,3,459.3,143
u16477,7,2468.36,63
u16478,2,271.3,24
u16479,2,255.63,9
u1648,1,557.09,75
u16482,1,220.62,15
u16483,1,95.7,191
u16484,2,376.8,173
u16485,1,279.35,76
u16488,3,387.1,32
u16491,1,667.8,46
u16493,4,1336.68,79
u16494,1,826.53,296
u16495,2,487.61,2
u16496,3,1300.79,8
u16497,6,2296.79,49
u16498,2,93.02,160
u16499,2,294.55,359
u165,5,235.86,4
u16503,4,1124.28,106
u16504,1,484.38,24
u16505,1,777.6,31
u16506,2,90.30000000000001,19
u16509,1,169.50000000000003,296
u1651,1,178.54999999999998,371
u16511,3,744.0600000000001,21
u16513,4,874.59,4
u16515,5,1492.63,51
u16516,1,101.69999999999999,29
u16517,1,154.75,276
u16518,2,436.07,60
u16519,2,72.28,24
u1652,3,911.0400000000001,185
u16523,19,6958.79,1
u16525,26,10970.75,1
u16526,1,237.66,171
u16527,1,219.81,80
u16528,1,189.06,3
u16529,1,391.65000000000003,189
u16531,7,1085.0,21
u16532,3,6748.8,17
u16533,3,955.91,18
u16535,1,399.75,4
u16536,1,357.02000000000004,109
u16539,4,1372.91,2
u16542,1,119.62,53
u16545,1,339.3,164
u16546,2,747.35,290
u16549,10,3777.14,9
u1655,5,1949.82,108
u16551,3,822.62,95
u16552,2,217.03,242
u16553,12,5442.52,162
u16554,3,742.8,41
u16555,2,269.39,34
u16556,7,2430.84,66
u16557,2,219.1,23
u16558,20,7454.74,0
u1656,2,652.66,26
u16561,2,494.12,5
u16563,1,971.94,53
u16565,1,173.7,363
u16566,5,518.5600000000001,14
u16567,2,833.8,193
u16569,1,76.5,2
u1657,9,3235.55,14
u16571,3,1362.04,26
u16572,3,855.55,126
u16573,2,525.96,84
u16574,1,435.54,70
u16581,1,105.84,182
u16582,1,313.62,112
u16583,1,233.45,373
u16584,2,919.58,79
u16586,1,361.95,248
u16587,1,127.85000000000001,231
u16589,3,459.24,70
u16591,1,213.5,68
u16592,16,3871.43,3
u16593,3,174.07999999999998,50
u16594,1,123.44,74
u16595,1,341.96,60
u16596,2,193.85000000000002,15
u16597,1,90.04,3
u16598,1,145.04999999999998,285
u166,6,760.8199999999999,3
u16601,1,139.88,40
u16602,1,511.13,35
u16603,2,469.97,74
u16607,13,2612.08,17
u16609,7,4883.66,14
u1661,1,75.66,218
u16611,1,124.45,185
u16612,4,1036.76,32
u16613,1,586.79,69
u16614,1,305.79,182
u16616,2,420.52,14
u16617,1,139.1,235
u16618,4,2036.04,30
u16619,1,226.21,263
u1662,2,144.96,3
u16621,4,359.03000000000003,51
u16623,1,129.45,245
u16624,2,703.47,80
u16625,1,300.68,273
u16626,16,3237.5,0
u16627,1,181.1,78
u16628,5,1963.05,29
u16629,2,377.93,73
u16633,6,2300.35,16
u16634,2,172.5,222
u16637,4,1009.72,31
u16638,10,1287.67,22
u16639,3,974.01,30
u16641,1,214.10000000000002,105
u16642,2,518.4300000000001,4
u16643,1,442.11,245
u16644,2,813.88,177
u16647,2,182.26,169
u16648,1,290.65999999999997,42
u1665,1,501.41999999999996,71
u16652,6,5788.67,58
u16653,2,1043.31,15
u16654,4,453.27,140
u16655,6,3166.2200000000003,17
u16656,15,7366.32,21
u16657,4,895.87,9
u16658,1,91.44,367
u16659,1,39.12,188
u1666,4,1267.6499999999999,15
u16665,1,91.44999999999999,361
u16666,1,118.98,18
u16667,2,472.93,67
u16668,6,306.71999999999997,14
u16669,2,1131.77,23
u1667,11,3599.8,16
u16671,3,1692.27,27
u16672,20,7122.84,1
u16674,2,309.21,54
u16676,4,1062.78,33
u16678,12,3006.39,2
u16679,1,117.0,365
u1668,1,149.7,42
u16681,6,1722.64,72
u16682,5,940.1,4
u16684,28,62468.86,3
u16685,1,241.74,60
u16686,7,2501.63,46
u16688,4,1080.56,0
u16689,2,363.59999999999997,75
u1669,2,208.63,71
u16692,1,1117.5,255
u16693,2,366.01,68
u16696,4,462.3,134
u16697,1,50.85,240
u16698,2,1998.0,226
u167,13,4905.7,8
u16701,13,5171.21,8
u16705,20,12084.59,0
u16706,3,398.1,36
u16708,1,571.03,45
u16709,5,1783.8700000000001,84
u1671,10,2182.49,18
u16711,5,1388.23,2
u16712,10,2659.93,17
u16713,15,5522.63,18
u16714,1,834.32,316
u16715,1,301.71999999999997,77
u16716,1,166.8,266
u16717,6,3367.73,23
u16718,1,536.75,368
u16719,7,1347.72,14
u1672,1,130.49,25
u16721,1,292.47,261
u16722,13,4730.81,16
u16723,1,331.95,107
u16725,6,611.97,301
u16726,5,1165.8700000000001,25
u16727,1,272.82,363
u16728,4,815.17,45
u16729,20,6820.95,37
u1673,3,728.61,51
u16732,1,554.25,31
u16734,3,515.91,51
u16735,5,2233.66,78
u16737,1,417.59999999999997,52
u16739,1,290.15,176
u16743,7,2238.09,28
u16744,7,1094.06,10
u16745,17,7106.85,86
u16746,18,5923.71,4
u16747,2,760.81,37
u16748,5,1515.9,17
u1675,5,414.13,44
u16751,1,1764.72,30
u16752,1,77.7,372
u16753,1,198.08,57
u16754,1,2002.4,371
u16755,3,1324.58,113
u16756,1,213.9,214
u16757,1,106.83000000000001,318
u16758,1,307.04,64
u16759,3,672.14,7
u16761,1,316.62,96
u16762,3,1404.48,19
u16763,1,310.85,198
u16764,13,2547.15,3
u16766,2,1050.2,272
u16767,11,5269.4,30
u16768,3,333.69,47
u16769,1,209.14000000000001,259
u1677,5,696.0500000000001,57
u16771,5,1863.1100000000001,32
u16773,1,153.69,56
u16774,4,661.52,67
u16775,11,1269.06,9
u16776,1,373.33,59
u16777,2,138.05,79
u16778,2,213.94,73
u16779,22,10477.32,1
u1678,2,389.74,99
u16781,1,216.8,371
u16782,13,1798.3000000000002,9
u16784,1,107.6,19
u16788,2,577.38,122
u16789,1,80.8,7
u1679,6,1493.42,3
u16791,7,1422.88,28
u16792,1,87.68,281
u16793,1,226.84,56
u16794,10,1197.21,0
u16795,1,392.18,364
u16796,1,305.62,88
u168,1,897.14,10
u16801,4,976.73,162
u16803,1,332.3,64
u16804,3,495.84000000000003,22
u16805,2,428.79,173
u16806,4,629.59,102
u16807,3,958.09,142
u16808,2,250.17,98
u16809,5,882.59,22
u1681,1,289.64,191
u16811,2,522.07,4
u16812,1,204.15,360
u16813,10,1498.85,7
u16814,21,5666.9,13
u16816,4,401.16,102
u16817,9,1347.31,2
u16818,11,3145.63,10
u1682,1,429.86,95
u16823,1,269.68,226
u16824,2,402.74,15
u16825,2,694.28,38
u16826,1,279.45,50
u16828,1,113.5,111
u16829,1,181.32,156
u1683,1,325.91,38
u16832,1,39.0,216
u16833,4,1021.53,0
u16834,1,413.46,227
u16835,2,133.15,127
u16836,2,251.87,39
u16837,9,2138.93,30
u16838,2,353.9,196
u16839,34,13277.05,8
u16841,6,1869.82,36
u16842,3,935.49,100
u16843,16,9972.02,42
u16846,1,197.82,49
u16847,1,176.94,42
u16848,1,281.42,52
u16849,1,84.77,186
u1685,1,332.41,333
u16851,3,342.45,3
u16852,2,70.96000000000001,9
u16855,2,285.8,23
u16856,1,35.400000000000006,14
u16858,1,320.04,368
u16859,2,640.01,144
u16861,2,173.76,59
u16863,2,502.8,30
u16866,3,108.24000000000001,140
u16869,4,759.87,22
u16871,6,2267.2400000000002,21
u16872,3,617.32,76
u16873,6,5899.22,4
u16875,5,1643.83,66
u16877,6,764.87,11
u16878,1,13.3,83
u1688,7,841.28,30
u16881,1,432.0,66
u16882,3,529.47,66
u16883,2,213.03,186
u16884,2,422.34000000000003,37
u16885,3,338.41,14
u16887,1,170.13,34
u16889,3,1279.72,194
u16891,5,653.7,1
u16892,5,356.64,0
u16893,1,126.03,366
u16895,1,175.29,64
u16897,2,154.23000000000002,298
u16898,3,455.98,25
u16899,6,852.91,7
u169,3,837.76,16
u16902,1,1048.93,115
u16903,1,336.84,28
u16904,14,2957.07,3
u16905,7,2420.66,4
u16906,4,446.02000000000004,81
u16907,5,768.2,28
u16909,1,314.64,71
u1691,8,1134.97,3
u16912,11,1722.28,28
u16913,1,113.44,289
u16914,1,178.61,35
u16915,5,305.63,8
u16916,2,525.71,23
u16917,1,320.62,276
u16918,6,986.52,48
u16919,11,1597.0,155
u16921,1,161.54,60
u16923,19,6133.11,11
u16924,3,691.65,20
u16926,1,33.45,370
u16927,3,543.05,115
u16928,17,2744.45,79
u16929,7,1279.49,3
u1693,3,312.55,25
u16931,20,4261.97,4
u16932,1,145.44,52
u16933,2,467.48,0
u16934,2,786.38,54
u16936,1,253.73000000000002,25
u16938,4,2600.6800000000003,8
u1694,3,2933.53,51
u16942,9,1516.69,12
u16943,3,431.18,211
u16945,19,4230.58,21
u16947,1,370.68,235
u16948,3,435.02,138
u16949,6,716.72,3
u1695,3,1015.66,56
u16951,3,1185.06,134
u16952,2,101.75999999999999,108
u16953,1,20.8,29
u16954,7,1457.63,0
u16955,4,414.67,184
u16956,1,225.04,17
u16957,2,376.84000000000003,238
u16959,1,117.35000000000001,86
u1696,3,484.97,38
u16961,1,234.17,115
u16963,1,110.55000000000001,186
u16965,1,168.22,226
u16966,7,1918.09,7
u16967,1,319.02,188
u16968,2,370.73,3
u16969,3,577.76,38
u16971,1,116.21,37
u16976,1,76.32000000000001,266
u16978,1,294.43,76
u16979,6,1290.45,3
u1698,2,1022.21,254
u16982,1,384.06,60
u16983,7,1744.25,12
u16984,2,3686.25,87
u16985,9,5015.32,16
u16986,2,1873.2,29
u16987,6,879.6,2
u16988,1,67.87,4
u16989,6,1133.25,6
u1699,1,179.0,218
u16992,5,1354.96,10
u16996,6,1456.96,29
u16997,3,702.0,287
u16998,4,295.0,149
u16999,2,448.64,22
u17001,11,3614.32,0
u17002,3,1009.98,85
u17004,2,1375.44,45
u17006,4,703.9300000000001,4
u17007,6,732.63,50
u1701,1,195.36,17
u17011,1,270.9,29
u17014,3,487.88,7
u17015,3,1797.71,28
u17017,20,8626.26,2
u17018,2,779.1,40
u17019,4,1129.81,10
u17022,1,71.0,30
u17024,3,95.85,44
u17025,3,357.77,60
u17026,2,142.07999999999998,184
u17027,6,815.99,78
u17029,2,716.0,110
u1703,1,126.97,63
u17031,2,380.35,11
u17033,3,902.9399999999999,85
u17034,3,654.67,15
u17035,2,367.88,245
u17037,1,1182.32,87
u17038,1,88.25,29
u1704,1,159.78,137
u17041,3,1041.77,26
u17042,5,992.8,2
u17043,4,1278.98,31
u17044,1,948.48,24
u17045,2,210.24,112
u17046,1,594.32,156
u17047,3,882.9,84
u17048,3,834.65,117
u17049,9,4414.78,2
u1705,6,2820.84,95
u17051,1,237.19,193
u17052,1,391.3,27
u17053,1,373.08000000000004,130
u17054,5,836.08,27
u17058,3,986.34,81
u17059,5,2674.69,29
u1706,1,234.24,265
u17061,11,3747.1800000000003,73
u17062,4,499.88,313
u17063,7,1351.94,20
u17064,3,685.2,58
u17068,21,4232.74,11
u17069,9,2422.9500000000003,27
u1707,1,292.24,113
u17071,9,1946.28,27
u17073,4,1154.04,17
u17075,4,624.52,17
u17076,3,597.68,35
u17078,2,375.86,35
u17079,1,118.80000000000001,77
u1708,2,201.72,21
u17081,2,211.76,24
u17082,2,1579.3,32
u17083,3,1358.0800000000002,108
u17084,2,2673.0,34
u17085,5,1433.55,122
u17086,6,1949.1399999999999,6
u17088,4,1651.6100000000001,27
u1709,7,1930.9,3
u17091,9,3559.61,2
u17092,4,1743.88,49
u17094,1,254.3,321
u17095,3,1211.91,22
u17096,4,785.28,14
u171,2,936.7,17
u17101,4,1590.28,9
u17105,2,568.46,158
u17107,6,10534.93,32
u17109,6,830.74,28
u1711,1,76.1,164
u17111,1,240.11,46
u17114,8,442.17,5
u17115,3,596.1,7
u17117,1,73.35,287
u17118,1,157.02,317
u17119,2,496.51,2
u1712,1,222.96,232
u17122,1,138.32,118
u17123,1,345.29999999999995,161
u17124,1,267.09000000000003,184
u17125,1,190.65,49
u17126,5,952.5,151
u17128,1,131.59,334
u17131,5,1920.72,4
u17133,7,4892.240000000001,15
u17134,2,244.15,106
u17135,5,947.23,15
u17138,1,288.3,275
u17139,12,9291.47,15
u1714,1,439.82,246
u17142,1,119.7,238
u17144,2,623.22,0
u17146,2,400.98,262
u17147,4,1348.79,22
u17148,1,124.88,51
u17152,3,1689.5,194
u17153,1,213.78,23
u17154,1,329.34,74
u17155,2,217.4,17
u17157,2,319.0,7
u17158,3,1044.77,31
u17159,3,1439.33,21
u1716,6,3471.53,30
u17162,10,1293.26,28
u17163,2,293.1,21
u17164,7,2336.2,32
u17165,1,122.88,283
u17166,2,206.34,38
u17169,2,733.28,57
u17171,1,199.41,288
u17172,1,317.76,78
u17173,8,3318.7000000000003,4
u17174,1,59.9,217
u17175,4,1157.14,43
u17176,1,289.63,201
u17179,3,701.84,177
u1718,4,719.68,55
u17181,2,200.12,56
u17183,6,3125.9100000000003,7
u17186,2,144.0,46
u17187,1,164.15,226
u17188,7,1939.03,10
u17189,2,265.55,105
u1719,1,249.74,58
u17191,7,1868.43,27
u17193,7,1699.3000000000002,35
u17194,1,157.28,360
u17197,1,463.81,29
u17198,3,416.17,23
u17201,1,335.13,53
u17203,6,3459.65,35
u17204,4,1303.76,174
u17205,1,384.08,53
u17206,1,204.24,52
u17211,8,1851.97,26
u17212,1,226.85,252
u17213,7,2206.08,39
u17214,6,730.07,59
u17217,1,97.6,233
u17218,10,1626.6299999999999,3
u17219,1,105.98,31
u1722,14,2832.55,23
u17221,2,322.63,6
u17222,1,298.5,64
u17223,2,226.49,309
u17226,1,372.79,308
u17227,6,859.82,18
u17228,8,1856.19,15
u17229,2,308.81,95
u1723,8,2841.36,263
u17231,10,2653.87,11
u17232,2,421.52,2
u17233,1,157.63,34
u17234,1,114.04,182
u17235,2,406.96,24
u17236,6,869.1800000000001,12
u17237,2,306.74,10
u17238,17,3324.35,2
u17239,1,295.0,312
u17242,2,1135.04,107
u17243,26,6849.2,0
u17244,1,954.9,52
u17245,1,171.45,204
u17247,1,208.09,14
u17248,1,318.65,119
u1725,2,285.17,3
u17251,1,249.28,362
u17252,2,299.26,116
u17253,1,113.01,17
u17254,2,258.85,4
u17255,2,272.56,40
u17256,2,240.0,106
u17259,2,520.07,147
u17262,5,1245.41,51
u17263,1,63.440000000000005,207
u17265,2,482.55,138
u17266,3,233.34,1
u17267,2,277.27,126
u17268,4,763.64,107
u17272,3,1983.93,45
u17274,1,111.97999999999999,34
u17277,2,868.0500000000001,227
u17278,1,206.09,240
u17279,1,101.92999999999999,57
u17282,3,1646.8600000000001,129
u17284,6,1635.58,59
u17286,1,145.42,21
u17287,7,761.86,25
u17288,7,1269.83,8
u17289,3,890.96,31
u1729,2,434.24,3
u17293,8,1731.41,7
u17295,3,430.0,28
u17297,1,95.43,16
u17298,2,482.52,100
u17299,4,669.11,11
u17301,1,166.43,20
u17302,5,1041.58,14
u17303,1,192.24,360
u17306,19,8631.31,10
u17309,1,82.75,94
u17311,2,1097.6,77
u17312,3,636.3499999999999,138
u17313,1,1961.64,30
u17314,8,2308.12,24
u17315,36,5420.2300000000005,1
u17317,3,2204.34,45
u1732,3,869.52,99
u17321,1,445.56,67
u17323,7,917.67,14
u17324,4,915.23,17
u17325,1,96.8,279
u17329,2,466.56,13
u1733,2,363.9,22
u17333,1,494.25,85
u17334,2,307.02,301
u17337,4,1676.67,150
u17338,8,5968.39,16
u17339,2,243.36,93
u1734,11,10834.74,29
u17341,2,681.51,156
u17343,1,168.74,354
u17344,1,135.57,45
u17345,4,465.79,14
u17346,15,2278.31,3
u17347,1,228.96,85
u17348,5,1103.96,14
u17349,1,90.05,178
u1735,4,1168.07,7
u17351,3,253.5,35
u17353,2,1740.0,128
u17354,1,1393.06,50
u17356,1,178.22,311
u17357,2,334.79,23
u17358,2,347.40000000000003,302
u17359,1,99.71,10
u1736,3,496.84,16
u17361,3,430.85,48
u17362,2,276.28,238
u17364,11,3842.8,0
u17365,8,4508.0,12
u17367,1,159.9,237
u17368,8,1813.87,22
u1737,4,429.18,72
u17371,3,248.14000000000001,16
u17372,8,1246.48,40
u17373,4,623.07,39
u17374,2,109.07000000000001,218
u17375,3,346.5,198
u17376,2,185.0,70
u17377,20,3581.57,23
u17379,1,404.66,10
u17381,29,18180.17,8
u17382,1,50.400000000000006,64
u17383,1,199.29,3
u17384,2,321.5,18
u17385,1,251.16,14
u17386,6,2686.42,7
u17387,2,706.66,19
u17388,4,1196.96,77
u17389,29,17092.08,0
u17391,2,508.8,163
u17392,2,349.26,306
u17394,1,193.92,218
u17396,6,4951.8,38
u17397,2,547.36,21
u17398,3,378.78000000000003,114
u174,5,1662.56,125
u17402,12,1740.35,4
u17403,1,255.87,35
u17405,3,754.26,0
u17406,2,1307.8700000000001,332
u17409,2,111.55000000000001,184
u1741,5,1002.87,15
u17411,3,644.14,11
u17412,7,1207.06,2
u17414,2,778.0,43
u17415,1,138.44,78
u17416,7,6564.82,29
u17418,2,349.76,41
u17419,12,3460.62,10
u1742,3,485.08,49
u17422,6,1979.37,15
u17423,2,698.41,45
u17425,2,726.17,18
u17426,6,4181.81,7
u17427,1,100.8,71
u17428,28,14499.15,0
u17429,3,458.52000000000004,127
u1743,2,265.76,32
u17431,1,388.0,312
u17432,2,349.36,17
u17433,1,268.26,87
u17434,7,2118.12,1
u17436,2,216.29999999999998,1
u17438,1,283.05,253
u1744,3,186.42000000000002,156
u17442,6,2114.71,36
u17446,2,120.9,176
u17447,2,526.53,39
u17449,7,2065.96,1
u1745,43,180900.65,7
u17451,7,1701.5,0
u17453,2,457.46999999999997,17
u17454,4,451.88,191
u17455,1,111.8,203
u17456,1,249.86,364
u17457,5,1712.2,126
u17458,1,297.1,14
u17459,2,597.35,42
u1746,5,534.08,93
u17461,3,656.51,22
u17462,2,612.44,59
u17463,5,1661.8600000000001,15
u17464,1,289.96000000000004,157
u17466,2,516.88,9
u17468,2,137.0,9
u17469,5,1695.97,15
u1747,5,1045.57,44
u17472,3,668.89,190
u17475,1,194.37,78
u1748,1,511.82,77
u17481,4,1162.84,3
u17483,3,381.64,64
u17486,1,376.97,260
u17489,2,366.56,58
u1749,7,1704.72,0
u17491,10,3206.27,0
u17492,1,288.62,247
u17495,2,432.26,7
u17496,1,251.10000000000002,358
u17498,1,272.22,75
u17499,1,563.18,289
u17501,2,259.35,220
u17502,4,663.6,8
u17503,2,479.7,2
u17504,9,2384.38,205
u17505,2,1006.94,160
u17506,1,302.2,75
u17507,2,574.73,261
u17509,8,6115.14,57
u1751,1,277.94,24
u17511,30,85922.0,2
u17512,10,2846.69,28
u17513,1,513.2,71
u17514,1,200.15,127
u17515,4,403.17,30
u17516,5,668.83,14
u17517,1,128.44,308
u17519,6,1681.0700000000002,16
u1752,1,455.21,53
u17521,3,698.27,29
u17522,5,1005.2,1
u17523,4,601.89,10
u17524,1,145.0,360
u17525,1,295.5,359
u17526,4,391.6,4
u17527,4,661.22,53
u17528,8,2694.98,0
u1753,10,2139.91,0
u17531,1,233.1,189
u17534,1,223.36,53
u17535,1,164.4,279
u17537,2,877.54,29
u17538,1,98.42,25
u1754,2,544.9,24
u17542,1,141.55,269
u17545,3,427.26,42
u17548,1,103.3,233
u17549,2,101.16,23
u1755,3,198.41,196
u17551,1,281.34,358
u17552,4,910.51,59
u17553,1,1487.6,129
u17554,5,1752.3500000000001,0
u17555,2,474.76,19
u17556,1,142.95,205
u17557,3,525.01,13
u1756,5,776.5500000000001,94
u17561,1,155.12,18
u17562,7,1122.38,13
u17564,3,409.36,23
u17566,2,796.81,7
u17567,8,4135.03,6
u17569,1,256.04,331
u17571,4,1168.81,49
u17572,4,206.85000000000002,70
u17573,3,380.6,28
u17574,1,155.8,242
u17576,19,2891.48,7
u17578,1,143.45999999999998,217
u17579,3,427.65000000000003,4
u1758,2,157.12,311
u17581,24,9975.79,0
u17582,1,159.37,235
u17584,2,1031.9,6
u17585,4,1051.52,108
u17588,3,1089.1,99
u17589,4,2294.82,59
u1759,3,1222.72,1
u17591,7,1639.3700000000001,72
u17593,5,3687.2400000000002,3
u17594,2,993.18,84
u17595,2,304.94,11
u17596,7,2727.58,22
u17597,1,1702.88,213
u176,1,129.72,17
u17601,1,116.00999999999999,238
u17602,6,4868.22,1
u17603,1,144.72,77
u17604,2,276.46,216
u17608,1,185.92,32
u17609,5,965.47,40
u17611,15,3399.22,6
u17612,6,1762.15,52
u17613,14,4127.1,22
u17614,1,342.97,56
u17615,3,283.85,129
u17616,3,571.1999999999999,173
u17618,3,682.53,5
u17619,1,202.62,311
u1762,1,47.44,59
u17621,3,1315.1,20
u17623,1,449.65000000000003,32
u17624,2,747.43,14
u17625,4,1911.75,17
u17628,1,75.75,80
u17629,8,1716.92,5
u1763,2,219.39999999999998,169
u17631,3,449.23,1
u17633,4,1243.34,30
u17634,9,1592.27,35
u17636,1,285.56,18
u17637,2,464.51,30
u17639,1,60.2,275
u1764,1,621.66,86
u17642,2,680.49,119
u17643,1,58.8,372
u17644,11,2475.69,0
u17646,3,810.7900000000001,218
u17647,1,82.11,64
u17648,3,1164.6000000000001,60
u17649,1,781.49,137
u1765,1,166.08,20
u17651,10,3801.75,11
u17652,12,4454.32,24
u17653,4,987.46,36
u17654,1,80.65,276
u17655,7,1784.8400000000001,10
u17656,5,1295.69,72
u17658,2,527.42,25
u17659,12,2455.61,16
u1766,1,186.05,140
u17663,7,1542.3600000000001,25
u17664,2,588.74,18
u17666,2,702.66,3
u17667,5,1742.31,65
u17668,2,145.25,0
u17669,7,3406.7200000000003,42
u1767,1,173.9,227
u17671,4,1365.51,15
u17672,2,2506.42,49
u17673,6,1624.5,0
u17674,2,551.04,73
u17675,31,17577.43,0
u17676,6,1371.18,3
u17677,27,15872.630000000001,1
u17678,1,298.11,263
u17679,2,1364.46,52
u1768,1,151.4,23
u17682,6,2353.73,9
u17684,1,201.01,43
u17685,7,3127.88,16
u17686,7,4175.96,6
u1769,15,3337.0,29
u17691,2,242.70000000000002,357
u17692,4,709.68,126
u17693,1,166.47,136
u17694,1,283.12,141
u17695,2,718.94,131
u17696,8,2063.51,37
u17697,1,298.25,235
u17698,1,154.95,260
u177,4,2395.65,16
u17701,1,193.65,252
u17702,4,1786.67,29
u17703,3,798.74,34
u17704,2,796.59,168
u17705,9,1485.12,2
u17706,17,7373.59,3
u17707,2,152.4,184
u17708,2,258.58,187
u17709,1,58.25,169
u17711,2,369.8,10
u17712,1,403.21,44
u17714,1,153.0,320
u17715,1,326.4,200
u17716,11,5378.69,22
u17718,1,113.85,231
u17719,15,4062.84,37
u1772,4,956.74,25
u17722,4,2037.14,95
u17723,6,3276.4000000000005,126
u17724,3,820.2,70
u17725,11,3186.88,15
u17727,1,923.35,14
u17728,3,2584.01,3
u1773,13,5061.58,2
u17731,4,871.06,78
u17732,1,222.52,372
u17733,2,518.3100000000001,38
u17734,3,547.03,53
u17735,19,12661.18,1
u17736,2,215.59,8
u17737,2,168.24,8
u17738,4,1405.25,18
u17739,7,2725.35,11
u17742,2,200.86,112
u17744,6,2303.68,3
u17746,1,74.8,239
u17747,1,71.4,112
u17749,2,482.67,177
u1775,9,1781.28,4
u17752,1,80.64,358
u17754,5,1739.5,0
u17757,30,4914.24,0
u17758,8,3129.63,18
u17759,3,787.24,16
u1776,2,279.09,21
u17761,1,477.88,32
u17763,1,15.0,262
u17764,2,725.62,50
u17765,3,263.83,158
u17767,1,262.95,14
u17768,3,1884.3300000000002,7
u17769,10,3498.4300000000003,12
u1777,4,368.17,198
u17771,2,213.23,56
u17772,2,134.32,10
u17774,4,1026.46,96
u17775,1,56.4,254
u17777,3,647.41,24
u17779,3,502.42,20
u17781,1,62.17,158
u17783,2,272.02,71
u17785,1,123.44,52
u17786,2,253.79,84
u17787,4,1718.74,152
u17788,2,283.2,73
u17789,1,191.65,280
u1779,14,1705.3,26
u17791,1,106.1,29
u17793,1,230.64000000000001,24
u17795,2,333.44,179
u17796,4,585.95,39
u17797,3,635.93,21
u17799,10,2583.98,21
u178,9,1145.56,36
u17802,3,1205.19,81
u17805,1,512.31,73
u17806,1,546.04,10
u17809,12,4700.31,15
u17811,39,6828.83,3
u17812,4,579.61,12
u17813,5,1214.43,13
u17816,4,36.56,36
u17817,2,114.43,3
u17819,6,1827.87,71
u17824,1,298.4,50
u17827,5,1856.21,4
u1783,3,200.75,1
u17831,1,35.400000000000006,32
u17832,1,155.37,49
u17835,3,334.74,2
u17836,1,109.83,46
u17837,8,1060.73,41
u17838,5,2219.04,26
u17839,1,338.8,41
u17841,122,34080.24,1
u17843,1,170.88,302
u17848,7,477.4,127
u17849,4,147.1,217
u1785,34,4462.16,371
u17852,2,114.34,11
u17854,2,120.01,184
u17855,1,199.02,372
u17856,4,1390.28,1
u17857,22,25301.54,3
u17858,11,3628.71,5
u17859,1,148.21,304
u1786,1,221.0,368
u17861,8,1760.9,2
u17862,1,260.0,323
u17863,6,3058.0,58
u17864,3,572.0,12
u17865,19,8595.720000000001,30
u17866,1,305.8,142
u17867,4,1143.9,29
u17869,5,271.93,106
u1787,12,1742.6,1
u17871,1,155.9,204
u17873,5,1729.7800000000002,79
u17874,5,531.51,184
u17877,1,158.01,169
u17878,1,359.55,43
u17879,1,154.67,173
u1788,1,411.22,364
u17881,1,133.35000000000002,303
u17883,4,500.77,2
u17884,4,699.0,3
u17885,1,173.44,11
u17886,3,722.66,31
u17887,1,47.05,128
u17888,8,580.75,20
u17889,2,162.42,211
u1789,2,538.89,322
u17891,1,203.85999999999999,161
u17892,3,212.89999999999998,55
u17893,1,92.35000000000001,224
u17894,8,887.94,71
u17895,1,89.75,43
u17896,1,256.32,22
u17897,3,396.05,172
u17898,2,152.06,84
u17899,1,122.95,158
u179,2,45.0,189
u17901,1,41.78,28
u17904,1,102.22,20
u17905,3,567.84,156
u17906,1,55.95,246
u17908,1,235.33,373
u17911,1,324.23,8
u17912,5,205.21,309
u17913,2,395.7,58
u17914,1,300.63,3
u17917,3,324.33,44
u17919,1,1055.16,87
u1792,17,3567.45,3
u17921,4,775.67,63
u17923,1,207.50000000000003,281
u17924,7,2399.7000000000003,11
u17925,1,244.08,372
u17926,2,377.39000000000004,132
u17928,2,155.56,44
u17929,1,196.20000000000002,308
u1793,5,1740.48,35
u17931,2,345.96000000000004,133
u17932,3,1188.92,28
u17934,2,674.8000000000001,51
u17935,2,137.29,137
u17936,1,337.24,4
u17937,7,3000.12,8
u17939,1,99.14,159
u1794,9,2238.58,48
u17941,1,304.56,130
u17942,1,77.50000000000001,7
u17946,2,79.78,232
u17947,1,171.64,36
u17948,1,358.56000000000006,146
u17949,36,39551.83,0
u1795,3,376.33,71
u17951,3,957.5400000000001,39
u17954,11,2197.92,4
u17955,3,218.79999999999998,198
u17957,1,110.72,65
u17958,1,136.16,116
u1796,1,73.78,170
u17961,37,856.98,20
u17962,1,92.88,141
u17964,2,354.9,31
u17965,13,2095.07,37
u17966,5,1068.93,37
u17967,1,95.22,371
u17968,1,269.4,373
u17969,2,163.65,165
u1797,1,523.29,210
u17972,1,97.39,241
u17973,1,305.24,51
u17974,3,693.0600000000001,24
u17975,13,3809.81,14
u17976,1,314.04,371
u17977,1,182.89,28
u17978,1,285.02,364
u17979,4,671.91,35
u1798,3,802.95,165
u17984,1,131.68,144
u17985,1,583.95,21
u17986,1,20.8,55
u17987,1,198.57,184
u17988,7,99.92,11
u1799,3,620.76,236
u17991,2,67.85,224
u17994,4,644.59,121
u17995,1,76.1,281
u17997,8,1723.87,73
u17999,2,336.46,36
u18001,2,338.03000000000003,11
u18004,1,115.97,361
u18005,2,186.27,3
u18006,1,421.13,22
u18008,9,1952.29,69
u18009,1,182.29,234
u1801,1,61.6,256
u18011,1,87.01,372
u18013,2,187.29,154
u18014,1,150.52,27
u18015,1,120.03,3
u18016,5,1169.3600000000001,31
u18017,3,523.0,80
u18018,2,53.589999999999996,107
u18019,1,28.5,51
u18022,1,637.1,35
u18024,2,362.83,152
u18027,1,115.31,98
u1803,2,123.95,3
u18032,1,73.5,333
u18033,1,97.97,64
u18034,2,422.88,21
u18035,3,698.5,35
u18036,3,400.67,31
u18037,6,33.17,153
u1804,2,340.20000000000005,18
u18041,21,3802.41,11
u18042,1,93.35,53
u18043,3,456.81,24
u18044,10,1388.7,3
u18045,1,156.15,44
u18048,2,172.29000000000002,202
u1805,1,74.4,358
u18053,1,283.02,70
u18055,10,5584.84,6
u18056,1,293.7,287
u18058,1,170.16,9
u18059,3,290.56,22
u18061,10,1496.91,21
u18062,3,474.57,172
u18064,2,814.0,132
u18065,14,1805.0800000000002,5
u18066,1,318.0,74
u18067,1,319.03,39
u18069,5,1884.17,25
u18071,2,414.40000000000003,257
u18072,1,247.44,185
u18073,12,3537.0200000000004,113
u18074,1,376.5,373
u18075,10,2194.05,22
u18077,11,2633.0099999999998,7
u18078,2,262.48,216
u18079,4,3651.97,44
u1808,2,1231.5,18
u18081,3,305.7,35
u18082,1,633.17,25
u18084,1,90.47999999999999,15
u18085,2,689.95,329
u18086,1,101.34,273
u18087,1,3202.9199999999996,290
u18088,1,133.67000000000002,60
u18092,11,7632.16,1
u18093,4,2106.52,92
u18094,7,2887.9,81
u18095,2,550.2,311
u18096,3,804.47,11
u18097,6,2401.9,7
u18099,1,160.35999999999999,126
u18101,2,163.95,10
u18102,56,221190.81,0
u18104,1,424.64,36
u18105,1,103.53,37
u18106,1,278.5,329
u18108,1,201.2,253
u18109,25,4139.37,1
u1811,1,218.4,19
u18112,2,235.24,11
u18113,1,76.32000000000001,368
u18114,1,137.9,289
u18116,8,1139.93,67
u18117,1,319.47,25
u18118,26,4851.57,10
u18119,1,160.67,367
u1812,1,75.35,213
u18121,2,673.1,148
u18122,6,1684.44,7
u18123,2,589.4399999999999,23
u18125,4,1097.59,29
u18126,1,196.24,60
u18127,3,265.58,18
u18129,1,99.80000000000001,242
u1813,3,984.24,14
u18133,1,931.4999999999999,211
u18135,5,681.9100000000001,28
u18136,3,767.33,62
u18138,1,67.80000000000001,294
u18139,6,8438.34,17
u18142,2,898.5600000000001,156
u18143,2,895.8100000000001,116
u18144,12,2461.35,7
u18145,4,2795.8,12
u18146,2,160.35000000000002,140
u18147,2,179.33999999999997,45
u18149,3,592.18,50
u1815,3,566.58,31
u18151,2,560.7,134
u18154,2,360.94,2
u18155,3,371.62,74
u18156,2,698.49,12
u18158,2,453.4,8
u18159,1,244.65,300
u1816,2,519.86,56
u18161,5,1349.44,14
u18164,1,337.40000000000003,36
u18165,1,302.46000000000004,176
u18167,3,1259.46,22
u18168,6,902.44,175
u18169,1,151.65,60
u1817,3,790.11,32
u18171,5,785.96,58
u18172,19,6439.18,14
u18173,4,2106.84,86
u18174,1,104.0,6
u18176,1,419.05,357
u18177,6,1341.42,30
u18178,4,1549.06,128
u18179,6,1567.92,8
u1818,6,1805.5,4
u18181,1,337.0,23
u18183,2,554.47,226
u18184,1,49.8,14
u18185,1,214.25,248
u18188,3,1891.04,14
u18189,2,873.94,77
u1819,2,219.16000000000003,191
u18191,1,108.79999999999998,261
u18192,1,800.82,71
u18193,1,208.91,164
u18194,1,973.8399999999999,81
u18196,2,588.43,94
u18198,17,5181.06,3
u182,1,163.8,105
u18202,3,1058.99,199
u18203,1,126.07,156
u18204,3,1673.55,70
u18205,2,408.86,35
u18209,1,139.10000000000002,28
u1821,6,2088.98,1
u18211,5,515.0699999999999,25
u18212,1,207.82,325
u18213,1,232.48000000000002,236
u18215,1,266.34000000000003,88
u18216,1,360.85,30
u18217,2,621.75,28
u18218,2,662.08,210
u18219,10,1616.92,2
u1822,1,305.28000000000003,226
u18221,5,969.86,21
u18222,1,361.15000000000003,92
u18223,14,6013.74,4
u18224,1,148.75,263
u18225,12,5130.47,2
u18226,11,5019.0,43
u18227,1,30.0,217
u18228,2,760.0,56
u18229,20,5115.1,11
u1823,7,2810.2000000000003,8
u18231,5,1554.1200000000001,191
u18232,4,533.57,81
u18235,3,1633.98,71
u18236,6,818.64,29
u18237,5,880.05,2
u18239,5,1457.81,218
u1824,1,422.58,45
u18241,17,1786.64,9
u18242,4,1988.14,71
u18245,7,2293.31,6
u18246,2,436.9,23
u18248,2,620.72,122
u18249,1,95.34,16
u1825,1,294.02,309
u18251,1,4314.72,86
u18252,2,385.67,50
u18255,1,103.3,88
u18257,8,2115.18,38
u18259,3,2338.6000000000004,24
u1826,6,2301.95,172
u18261,2,314.29,42
u18262,1,149.48,139
u18263,3,1213.1599999999999,25
u18265,2,609.11,71
u18269,1,168.6,365
u1827,2,244.9,37
u18272,6,2996.08,2
u18273,3,204.0,1
u18274,1,163.17,29
u18276,1,236.86,43
u18277,1,110.38,57
u18278,1,173.9,73
u1828,1,137.0,277
u18281,1,46.92,180
u18282,2,127.05000000000001,7
u18283,16,2046.03,3
u18287,3,1803.28,42
